apartment_number,building,floor,plot_number,apartment_type,rooms,area_sqm,balcony_garden_sqm,target_price,storage_sqm,parking_spaces,directions,final_price,apartment_plan_url,floor_plan_url,source_url,source_section,scan_date,id
1,1,קרקע,228,1-A,6,157.35,203.06,לא,10.42,2,צפון / מזרח/דרום,,,https://shoval-haifa.webzsites.site/wp-content/themes/shoval-haifa/data/1/%D7%A7%D7%95%D7%9E%D7%95%D7%AA/0.pdf,https://shoval-haifa.webzsites.site/#priceListD,מבנה 1,2026-07-29,B1-A1
2,1,1,228,1-B,5,128.98,24.22,כן,5.46,2,צפון / מזרח/דרום,"1,892,622 ₪",https://shoval-haifa.webzsites.site/wp-content/themes/shoval-haifa/data/1/%D7%93%D7%99%D7%A8%D7%95%D7%AA/%D7%9E%D7%A9%D7%AA%D7%9B%D7%9F%201/2.pdf,https://shoval-haifa.webzsites.site/wp-content/themes/shoval-haifa/data/1/%D7%A7%D7%95%D7%9E%D7%95%D7%AA/1.pdf,https://shoval-haifa.webzsites.site/#priceListD,מבנה 1,2026-07-29,B1-A2
3,1,1,228,1-C,5,129.31,24.59,כן,5.82,2,צפון / מערב/דרום,"1,900,900 ₪",https://shoval-haifa.webzsites.site/wp-content/themes/shoval-haifa/data/1/%D7%93%D7%99%D7%A8%D7%95%D7%AA/%D7%9E%D7%A9%D7%AA%D7%9B%D7%9F%201/3.pdf,https://shoval-haifa.webzsites.site/wp-content/themes/shoval-haifa/data/1/%D7%A7%D7%95%D7%9E%D7%95%D7%AA/1.pdf,https://shoval-haifa.webzsites.site/#priceListD,מבנה 1,2026-07-29,B1-A3
4,1,2,228,1-B,5,128.98,24.22,כן,5.49,2,צפון / מזרח/דרום,"1,892,807 ₪",https://shoval-haifa.webzsites.site/wp-content/themes/shoval-haifa/data/1/%D7%93%D7%99%D7%A8%D7%95%D7%AA/%D7%9E%D7%A9%D7%AA%D7%9B%D7%9F%201/4.pdf,https://shoval-haifa.webzsites.site/wp-content/themes/shoval-haifa/data/1/%D7%A7%D7%95%D7%9E%D7%95%D7%AA/2.pdf,https://shoval-haifa.webzsites.site/#priceListD,מבנה 1,2026-07-29,B1-A4
5,1,2,228,1-C,5,129.31,24.59,כן,6.24,2,צפון / מערב/דרום,"1,903,497 ₪",https://shoval-haifa.webzsites.site/wp-content/themes/shoval-haifa/data/1/%D7%93%D7%99%D7%A8%D7%95%D7%AA/%D7%9E%D7%A9%D7%AA%D7%9B%D7%9F%201/5.pdf,https://shoval-haifa.webzsites.site/wp-content/themes/shoval-haifa/data/1/%D7%A7%D7%95%D7%9E%D7%95%D7%AA/2.pdf,https://shoval-haifa.webzsites.site/#priceListD,מבנה 1,2026-07-29,B1-A5
6,1,3,228,1-B,5,128.98,24.22,כן,5.88,2,צפון / מזרח/דרום,"1,895,219 ₪",https://shoval-haifa.webzsites.site/wp-content/themes/shoval-haifa/data/1/%D7%93%D7%99%D7%A8%D7%95%D7%AA/%D7%9E%D7%A9%D7%AA%D7%9B%D7%9F%201/6.pdf,https://shoval-haifa.webzsites.site/wp-content/themes/shoval-haifa/data/1/%D7%A7%D7%95%D7%9E%D7%95%D7%AA/3.pdf,https://shoval-haifa.webzsites.site/#priceListD,מבנה 1,2026-07-29,B1-A6
7,1,3,228,1-C,5,129.31,24.59,כן,6.94,2,צפון / מערב/דרום,"1,907,826 ₪",https://shoval-haifa.webzsites.site/wp-content/themes/shoval-haifa/data/1/%D7%93%D7%99%D7%A8%D7%95%D7%AA/%D7%9E%D7%A9%D7%AA%D7%9B%D7%9F%201/7.pdf,https://shoval-haifa.webzsites.site/wp-content/themes/shoval-haifa/data/1/%D7%A7%D7%95%D7%9E%D7%95%D7%AA/3.pdf,https://shoval-haifa.webzsites.site/#priceListD,מבנה 1,2026-07-29,B1-A7
8,1,4,228,1-B,5,128.98,24.22,כן,6.57,2,צפון / מזרח/דרום,"1,899,486 ₪",https://shoval-haifa.webzsites.site/wp-content/themes/shoval-haifa/data/1/%D7%93%D7%99%D7%A8%D7%95%D7%AA/%D7%9E%D7%A9%D7%AA%D7%9B%D7%9F%201/8.pdf,https://shoval-haifa.webzsites.site/wp-content/themes/shoval-haifa/data/1/%D7%A7%D7%95%D7%9E%D7%95%D7%AA/4.pdf,https://shoval-haifa.webzsites.site/#priceListD,מבנה 1,2026-07-29,B1-A8
9,1,4,228,1-C,5,129.31,24.59,כן,7.91,2,צפון / מערב/דרום,"1,913,824 ₪",https://shoval-haifa.webzsites.site/wp-content/themes/shoval-haifa/data/1/%D7%93%D7%99%D7%A8%D7%95%D7%AA/%D7%9E%D7%A9%D7%AA%D7%9B%D7%9F%201/9.pdf,https://shoval-haifa.webzsites.site/wp-content/themes/shoval-haifa/data/1/%D7%A7%D7%95%D7%9E%D7%95%D7%AA/4.pdf,https://shoval-haifa.webzsites.site/#priceListD,מבנה 1,2026-07-29,B1-A9
10,1,5,228,1-B-1,5,128.98,24.22,כן,8.27,2,צפון / מזרח/דרום,"1,909,998 ₪",https://shoval-haifa.webzsites.site/wp-content/themes/shoval-haifa/data/1/%D7%93%D7%99%D7%A8%D7%95%D7%AA/%D7%9E%D7%A9%D7%AA%D7%9B%D7%9F%201/10.pdf,https://shoval-haifa.webzsites.site/wp-content/themes/shoval-haifa/data/1/%D7%A7%D7%95%D7%9E%D7%95%D7%AA/5.pdf,https://shoval-haifa.webzsites.site/#priceListD,מבנה 1,2026-07-29,B1-A10
11,1,5,228,1-C-1,5,129.31,24.59,כן,9.02,2,צפון / מערב/דרום,"1,920,688 ₪",https://shoval-haifa.webzsites.site/wp-content/themes/shoval-haifa/data/1/%D7%93%D7%99%D7%A8%D7%95%D7%AA/%D7%9E%D7%A9%D7%AA%D7%9B%D7%9F%201/11.pdf,https://shoval-haifa.webzsites.site/wp-content/themes/shoval-haifa/data/1/%D7%A7%D7%95%D7%9E%D7%95%D7%AA/5.pdf,https://shoval-haifa.webzsites.site/#priceListD,מבנה 1,2026-07-29,B1-A11
12,1,6,228,1-D,6,167.78,121.36,לא,8.56,2,צפון / מזרח/דרום/מערב,,,https://shoval-haifa.webzsites.site/wp-content/themes/shoval-haifa/data/1/%D7%A7%D7%95%D7%9E%D7%95%D7%AA/6.pdf,https://shoval-haifa.webzsites.site/#priceListD,מבנה 1,2026-07-29,B1-A12
1,2,קרקע,228,2-A,5,143.19,161.93,לא,10.44,2,צפון/מזרח/דרום,,,https://shoval-haifa.webzsites.site/wp-content/themes/shoval-haifa/data/2/%D7%A7%D7%95%D7%9E%D7%95%D7%AA/0.pdf,https://shoval-haifa.webzsites.site/#priceListD,מבנה 2,2026-07-29,B2-A1
2,2,קרקע,228,2-B,5,141.20,100.27,לא,9.37,2,מערב/דרום/מזרח,,,https://shoval-haifa.webzsites.site/wp-content/themes/shoval-haifa/data/2/%D7%A7%D7%95%D7%9E%D7%95%D7%AA/0.pdf,https://shoval-haifa.webzsites.site/#priceListD,מבנה 2,2026-07-29,B2-A2
3,2,1,228,2-C,5,125.84,21.46,כן,9.12,2,מערב/דרום/מזרח,"1,861,193 ₪",https://shoval-haifa.webzsites.site/wp-content/themes/shoval-haifa/data/2/%D7%93%D7%99%D7%A8%D7%95%D7%AA/%D7%9E%D7%A9%D7%AA%D7%9B%D7%9F%202/3.pdf,https://shoval-haifa.webzsites.site/wp-content/themes/shoval-haifa/data/2/%D7%A7%D7%95%D7%9E%D7%95%D7%AA/1.pdf,https://shoval-haifa.webzsites.site/#priceListD,מבנה 2,2026-07-29,B2-A3
4,2,1,228,2-D,5,125.85,21.27,כן,8.19,2,צפון/מזרח/דרום,"1,854,693 ₪",https://shoval-haifa.webzsites.site/wp-content/themes/shoval-haifa/data/2/%D7%93%D7%99%D7%A8%D7%95%D7%AA/%D7%9E%D7%A9%D7%AA%D7%9B%D7%9F%202/4.pdf,https://shoval-haifa.webzsites.site/wp-content/themes/shoval-haifa/data/2/%D7%A7%D7%95%D7%9E%D7%95%D7%AA/1.pdf,https://shoval-haifa.webzsites.site/#priceListD,מבנה 2,2026-07-29,B2-A4
5,2,1,228,2-E,3,80.00,17.98,כן,6.86,2,צפון/מערב,"1,139,502 ₪",https://shoval-haifa.webzsites.site/wp-content/themes/shoval-haifa/data/2/%D7%93%D7%99%D7%A8%D7%95%D7%AA/%D7%9E%D7%A9%D7%AA%D7%9B%D7%9F%202/5.pdf,https://shoval-haifa.webzsites.site/wp-content/themes/shoval-haifa/data/2/%D7%A7%D7%95%D7%9E%D7%95%D7%AA/1.pdf,https://shoval-haifa.webzsites.site/#priceListD,מבנה 2,2026-07-29,B2-A5
6,2,2,228,2-C,5,125.84,21.46,כן,8.65,2,מערב/דרום/מזרח,"1,858,287 ₪",https://shoval-haifa.webzsites.site/wp-content/themes/shoval-haifa/data/2/%D7%93%D7%99%D7%A8%D7%95%D7%AA/%D7%9E%D7%A9%D7%AA%D7%9B%D7%9F%202/6.pdf,https://shoval-haifa.webzsites.site/wp-content/themes/shoval-haifa/data/2/%D7%A7%D7%95%D7%9E%D7%95%D7%AA/2.pdf,https://shoval-haifa.webzsites.site/#priceListD,מבנה 2,2026-07-29,B2-A6
7,2,2,228,2-D,5,125.85,21.27,כן,8.53,2,צפון/מזרח/דרום,"1,856,795 ₪",https://shoval-haifa.webzsites.site/wp-content/themes/shoval-haifa/data/2/%D7%93%D7%99%D7%A8%D7%95%D7%AA/%D7%9E%D7%A9%D7%AA%D7%9B%D7%9F%202/7.pdf,https://shoval-haifa.webzsites.site/wp-content/themes/shoval-haifa/data/2/%D7%A7%D7%95%D7%9E%D7%95%D7%AA/2.pdf,https://shoval-haifa.webzsites.site/#priceListD,מבנה 2,2026-07-29,B2-A7
8,2,2,228,2-E,3,80.00,17.98,כן,7.52,2,צפון/מערב,"1,142,767 ₪",https://shoval-haifa.webzsites.site/wp-content/themes/shoval-haifa/data/2/%D7%93%D7%99%D7%A8%D7%95%D7%AA/%D7%9E%D7%A9%D7%AA%D7%9B%D7%9F%202/8.pdf,https://shoval-haifa.webzsites.site/wp-content/themes/shoval-haifa/data/2/%D7%A7%D7%95%D7%9E%D7%95%D7%AA/2.pdf,https://shoval-haifa.webzsites.site/#priceListD,מבנה 2,2026-07-29,B2-A8
9,2,3,228,2-C,5,125.84,21.46,כן,9.33,2,מערב/דרום/מזרח,"1,862,492 ₪",https://shoval-haifa.webzsites.site/wp-content/themes/shoval-haifa/data/2/%D7%93%D7%99%D7%A8%D7%95%D7%AA/%D7%9E%D7%A9%D7%AA%D7%9B%D7%9F%202/9.pdf,https://shoval-haifa.webzsites.site/wp-content/themes/shoval-haifa/data/2/%D7%A7%D7%95%D7%9E%D7%95%D7%AA/3.pdf,https://shoval-haifa.webzsites.site/#priceListD,מבנה 2,2026-07-29,B2-A9
10,2,3,228,2-D,5,125.85,21.27,כן,8.80,2,צפון/מזרח/דרום,"1,858,465 ₪",https://shoval-haifa.webzsites.site/wp-content/themes/shoval-haifa/data/2/%D7%93%D7%99%D7%A8%D7%95%D7%AA/%D7%9E%D7%A9%D7%AA%D7%9B%D7%9F%202/10.pdf,https://shoval-haifa.webzsites.site/wp-content/themes/shoval-haifa/data/2/%D7%A7%D7%95%D7%9E%D7%95%D7%AA/3.pdf,https://shoval-haifa.webzsites.site/#priceListD,מבנה 2,2026-07-29,B2-A10
11,2,3,228,2-E,3,80.00,17.98,כן,7.61,2,צפון/מערב,"1,143,213 ₪",https://shoval-haifa.webzsites.site/wp-content/themes/shoval-haifa/data/2/%D7%93%D7%99%D7%A8%D7%95%D7%AA/%D7%9E%D7%A9%D7%AA%D7%9B%D7%9F%202/11.pdf,https://shoval-haifa.webzsites.site/wp-content/themes/shoval-haifa/data/2/%D7%A7%D7%95%D7%9E%D7%95%D7%AA/3.pdf,https://shoval-haifa.webzsites.site/#priceListD,מבנה 2,2026-07-29,B2-A11
12,2,4,228,2-C,5,125.84,21.46,כן,8.79,2,מערב/דרום/מזרח,"1,859,153 ₪",https://shoval-haifa.webzsites.site/wp-content/themes/shoval-haifa/data/2/%D7%93%D7%99%D7%A8%D7%95%D7%AA/%D7%9E%D7%A9%D7%AA%D7%9B%D7%9F%202/12.pdf,https://shoval-haifa.webzsites.site/wp-content/themes/shoval-haifa/data/2/%D7%A7%D7%95%D7%9E%D7%95%D7%AA/4.pdf,https://shoval-haifa.webzsites.site/#priceListD,מבנה 2,2026-07-29,B2-A12
13,2,4,228,2-D,5,125.85,21.27,כן,9.79,2,צפון/מזרח/דרום,"1,864,587 ₪",https://shoval-haifa.webzsites.site/wp-content/themes/shoval-haifa/data/2/%D7%93%D7%99%D7%A8%D7%95%D7%AA/%D7%9E%D7%A9%D7%AA%D7%9B%D7%9F%202/13.pdf,https://shoval-haifa.webzsites.site/wp-content/themes/shoval-haifa/data/2/%D7%A7%D7%95%D7%9E%D7%95%D7%AA/4.pdf,https://shoval-haifa.webzsites.site/#priceListD,מבנה 2,2026-07-29,B2-A13
14,2,4,228,2-E,3,80.00,17.98,כן,8.86,2,צפון/מערב,"1,149,396 ₪",https://shoval-haifa.webzsites.site/wp-content/themes/shoval-haifa/data/2/%D7%93%D7%99%D7%A8%D7%95%D7%AA/%D7%9E%D7%A9%D7%AA%D7%9B%D7%9F%202/14.pdf,https://shoval-haifa.webzsites.site/wp-content/themes/shoval-haifa/data/2/%D7%A7%D7%95%D7%9E%D7%95%D7%AA/4.pdf,https://shoval-haifa.webzsites.site/#priceListD,מבנה 2,2026-07-29,B2-A14
15,2,5,228,2-C-1,5,125.84,21.46,כן,8.93,2,מערב/דרום/מזרח,"1,860,018 ₪",https://shoval-haifa.webzsites.site/wp-content/themes/shoval-haifa/data/2/%D7%93%D7%99%D7%A8%D7%95%D7%AA/%D7%9E%D7%A9%D7%AA%D7%9B%D7%9F%202/15.pdf,https://shoval-haifa.webzsites.site/wp-content/themes/shoval-haifa/data/2/%D7%A7%D7%95%D7%9E%D7%95%D7%AA/5.pdf,https://shoval-haifa.webzsites.site/#priceListD,מבנה 2,2026-07-29,B2-A15
16,2,5,228,2-D-1,5,125.85,21.27,כן,9.32,2,צפון/מזרח/דרום,"1,861,680 ₪",https://shoval-haifa.webzsites.site/wp-content/themes/shoval-haifa/data/2/%D7%93%D7%99%D7%A8%D7%95%D7%AA/%D7%9E%D7%A9%D7%AA%D7%9B%D7%9F%202/16.pdf,https://shoval-haifa.webzsites.site/wp-content/themes/shoval-haifa/data/2/%D7%A7%D7%95%D7%9E%D7%95%D7%AA/5.pdf,https://shoval-haifa.webzsites.site/#priceListD,מבנה 2,2026-07-29,B2-A16
17,2,5,228,2-E-1,3,80.00,17.98,כן,7.54,2,צפון/מערב,"1,142,866 ₪",https://shoval-haifa.webzsites.site/wp-content/themes/shoval-haifa/data/2/%D7%93%D7%99%D7%A8%D7%95%D7%AA/%D7%9E%D7%A9%D7%AA%D7%9B%D7%9F%202/17.pdf,https://shoval-haifa.webzsites.site/wp-content/themes/shoval-haifa/data/2/%D7%A7%D7%95%D7%9E%D7%95%D7%AA/5.pdf,https://shoval-haifa.webzsites.site/#priceListD,מבנה 2,2026-07-29,B2-A17
18,2,6,228,2-F,5,144.62,39.14,לא,9.43,2,מערב/דרום/מזרח,,,https://shoval-haifa.webzsites.site/wp-content/themes/shoval-haifa/data/2/%D7%A7%D7%95%D7%9E%D7%95%D7%AA/6.pdf,https://shoval-haifa.webzsites.site/#priceListD,מבנה 2,2026-07-29,B2-A18
19,2,6,228,2-G,5,142.20,39.50,לא,9.41,2,מערב/צפון/מזרח/דרום,,,https://shoval-haifa.webzsites.site/wp-content/themes/shoval-haifa/data/2/%D7%A7%D7%95%D7%9E%D7%95%D7%AA/6.pdf,https://shoval-haifa.webzsites.site/#priceListD,מבנה 2,2026-07-29,B2-A19
20,2,7,228,2-H,6,176.63,115.44,לא,9.59,2,מערב/צפון/מזרח/דרום,,,https://shoval-haifa.webzsites.site/wp-content/themes/shoval-haifa/data/2/%D7%A7%D7%95%D7%9E%D7%95%D7%AA/7.pdf,https://shoval-haifa.webzsites.site/#priceListD,מבנה 2,2026-07-29,B2-A20
1,3,קרקע,228,3-A,5,127.69,137.86,לא,9.60,2,צפון/מזרח/מערב,,,https://shoval-haifa.webzsites.site/wp-content/themes/shoval-haifa/data/3/%D7%A7%D7%95%D7%9E%D7%95%D7%AA/0.pdf,https://shoval-haifa.webzsites.site/#priceListD,מבנה 3,2026-07-29,B3-A1
2,3,קרקע,228,3-B,5,127.48,179.14,לא,10.11,2,מערב/דרום,,,https://shoval-haifa.webzsites.site/wp-content/themes/shoval-haifa/data/3/%D7%A7%D7%95%D7%9E%D7%95%D7%AA/0.pdf,https://shoval-haifa.webzsites.site/#priceListD,מבנה 3,2026-07-29,B3-A2
3,3,1,228,3-C,5,125.93,24.27,כן,9.04,2,צפון/מזרח/מערב,"1,874,913 ₪",https://shoval-haifa.webzsites.site/wp-content/themes/shoval-haifa/data/3/%D7%93%D7%99%D7%A8%D7%95%D7%AA/%D7%9E%D7%A9%D7%AA%D7%9B%D7%9F%203/3.pdf,https://shoval-haifa.webzsites.site/wp-content/themes/shoval-haifa/data/3/%D7%A7%D7%95%D7%9E%D7%95%D7%AA/1.pdf,https://shoval-haifa.webzsites.site/#priceListD,מבנה 3,2026-07-29,B3-A3
4,3,1,228,3-D,5,127.03,24.29,כן,6.46,2,מערב/דרום,"1,873,507 ₪",https://shoval-haifa.webzsites.site/wp-content/themes/shoval-haifa/data/3/%D7%93%D7%99%D7%A8%D7%95%D7%AA/%D7%9E%D7%A9%D7%AA%D7%9B%D7%9F%203/4.pdf,https://shoval-haifa.webzsites.site/wp-content/themes/shoval-haifa/data/3/%D7%A7%D7%95%D7%9E%D7%95%D7%AA/1.pdf,https://shoval-haifa.webzsites.site/#priceListD,מבנה 3,2026-07-29,B3-A4
5,3,1,228,3-E,3,82.34,20.64,כן,9.31,2,דרום/מזרח/צפון,"1,190,431 ₪",https://shoval-haifa.webzsites.site/wp-content/themes/shoval-haifa/data/3/%D7%93%D7%99%D7%A8%D7%95%D7%AA/%D7%9E%D7%A9%D7%AA%D7%9B%D7%9F%203/5.pdf,https://shoval-haifa.webzsites.site/wp-content/themes/shoval-haifa/data/3/%D7%A7%D7%95%D7%9E%D7%95%D7%AA/1.pdf,https://shoval-haifa.webzsites.site/#priceListD,מבנה 3,2026-07-29,B3-A5
6,3,2,228,3-C,5,125.93,24.27,כן,6.90,2,צפון/מזרח/מערב,"1,861,680 ₪",https://shoval-haifa.webzsites.site/wp-content/themes/shoval-haifa/data/3/%D7%93%D7%99%D7%A8%D7%95%D7%AA/%D7%9E%D7%A9%D7%AA%D7%9B%D7%9F%203/6.pdf,https://shoval-haifa.webzsites.site/wp-content/themes/shoval-haifa/data/3/%D7%A7%D7%95%D7%9E%D7%95%D7%AA/2.pdf,https://shoval-haifa.webzsites.site/#priceListD,מבנה 3,2026-07-29,B3-A6
7,3,2,228,3-D,5,127.03,24.29,כן,7.99,2,מערב/דרום,"1,882,968 ₪",https://shoval-haifa.webzsites.site/wp-content/themes/shoval-haifa/data/3/%D7%93%D7%99%D7%A8%D7%95%D7%AA/%D7%9E%D7%A9%D7%AA%D7%9B%D7%9F%203/7.pdf,https://shoval-haifa.webzsites.site/wp-content/themes/shoval-haifa/data/3/%D7%A7%D7%95%D7%9E%D7%95%D7%AA/2.pdf,https://shoval-haifa.webzsites.site/#priceListD,מבנה 3,2026-07-29,B3-A7
8,3,2,228,3-E,3,82.34,20.64,כן,8.83,2,דרום/מזרח/צפון,"1,188,057 ₪",https://shoval-haifa.webzsites.site/wp-content/themes/shoval-haifa/data/3/%D7%93%D7%99%D7%A8%D7%95%D7%AA/%D7%9E%D7%A9%D7%AA%D7%9B%D7%9F%203/8.pdf,https://shoval-haifa.webzsites.site/wp-content/themes/shoval-haifa/data/3/%D7%A7%D7%95%D7%9E%D7%95%D7%AA/2.pdf,https://shoval-haifa.webzsites.site/#priceListD,מבנה 3,2026-07-29,B3-A8
9,3,3,228,3-C,5,125.93,24.27,כן,7.99,2,צפון/מזרח/מערב,"1,868,421 ₪",https://shoval-haifa.webzsites.site/wp-content/themes/shoval-haifa/data/3/%D7%93%D7%99%D7%A8%D7%95%D7%AA/%D7%9E%D7%A9%D7%AA%D7%9B%D7%9F%203/9.pdf,https://shoval-haifa.webzsites.site/wp-content/themes/shoval-haifa/data/3/%D7%A7%D7%95%D7%9E%D7%95%D7%AA/3.pdf,https://shoval-haifa.webzsites.site/#priceListD,מבנה 3,2026-07-29,B3-A9
10,3,3,228,3-D,5,127.03,24.29,כן,8.08,2,מערב/דרום,"1,883,524 ₪",https://shoval-haifa.webzsites.site/wp-content/themes/shoval-haifa/data/3/%D7%93%D7%99%D7%A8%D7%95%D7%AA/%D7%9E%D7%A9%D7%AA%D7%9B%D7%9F%203/10.pdf,https://shoval-haifa.webzsites.site/wp-content/themes/shoval-haifa/data/3/%D7%A7%D7%95%D7%9E%D7%95%D7%AA/3.pdf,https://shoval-haifa.webzsites.site/#priceListD,מבנה 3,2026-07-29,B3-A10
11,3,3,228,3-E,3,82.34,20.64,כן,9.07,2,דרום/מזרח/צפון,"1,189,244 ₪",https://shoval-haifa.webzsites.site/wp-content/themes/shoval-haifa/data/3/%D7%93%D7%99%D7%A8%D7%95%D7%AA/%D7%9E%D7%A9%D7%AA%D7%9B%D7%9F%203/11.pdf,https://shoval-haifa.webzsites.site/wp-content/themes/shoval-haifa/data/3/%D7%A7%D7%95%D7%9E%D7%95%D7%AA/3.pdf,https://shoval-haifa.webzsites.site/#priceListD,מבנה 3,2026-07-29,B3-A11
12,3,4,228,3-C,5,125.93,24.27,כן,8.20,2,צפון/מזרח/מערב,"1,869,719 ₪",https://shoval-haifa.webzsites.site/wp-content/themes/shoval-haifa/data/3/%D7%93%D7%99%D7%A8%D7%95%D7%AA/%D7%9E%D7%A9%D7%AA%D7%9B%D7%9F%203/12.pdf,https://shoval-haifa.webzsites.site/wp-content/themes/shoval-haifa/data/3/%D7%A7%D7%95%D7%9E%D7%95%D7%AA/4.pdf,https://shoval-haifa.webzsites.site/#priceListD,מבנה 3,2026-07-29,B3-A12
13,3,4,228,3-D,5,127.03,24.29,כן,8.46,2,מערב/דרום,"1,885,874 ₪",https://shoval-haifa.webzsites.site/wp-content/themes/shoval-haifa/data/3/%D7%93%D7%99%D7%A8%D7%95%D7%AA/%D7%9E%D7%A9%D7%AA%D7%9B%D7%9F%203/13.pdf,https://shoval-haifa.webzsites.site/wp-content/themes/shoval-haifa/data/3/%D7%A7%D7%95%D7%9E%D7%95%D7%AA/4.pdf,https://shoval-haifa.webzsites.site/#priceListD,מבנה 3,2026-07-29,B3-A13
14,3,4,228,3-E,3,82.34,20.64,כן,9.07,2,דרום/מזרח/צפון,"1,189,244 ₪",https://shoval-haifa.webzsites.site/wp-content/themes/shoval-haifa/data/3/%D7%93%D7%99%D7%A8%D7%95%D7%AA/%D7%9E%D7%A9%D7%AA%D7%9B%D7%9F%203/14.pdf,https://shoval-haifa.webzsites.site/wp-content/themes/shoval-haifa/data/3/%D7%A7%D7%95%D7%9E%D7%95%D7%AA/4.pdf,https://shoval-haifa.webzsites.site/#priceListD,מבנה 3,2026-07-29,B3-A14
15,3,5,228,3-C,5,125.93,24.27,כן,8.49,2,צפון/מזרח/מערב,"1,871,512 ₪",https://shoval-haifa.webzsites.site/wp-content/themes/shoval-haifa/data/3/%D7%93%D7%99%D7%A8%D7%95%D7%AA/%D7%9E%D7%A9%D7%AA%D7%9B%D7%9F%203/15.pdf,https://shoval-haifa.webzsites.site/wp-content/themes/shoval-haifa/data/3/%D7%A7%D7%95%D7%9E%D7%95%D7%AA/5.pdf,https://shoval-haifa.webzsites.site/#priceListD,מבנה 3,2026-07-29,B3-A15
16,3,5,228,3-D,5,127.03,24.29,כן,8.50,2,מערב/דרום,"1,886,121 ₪",https://shoval-haifa.webzsites.site/wp-content/themes/shoval-haifa/data/3/%D7%93%D7%99%D7%A8%D7%95%D7%AA/%D7%9E%D7%A9%D7%AA%D7%9B%D7%9F%203/16.pdf,https://shoval-haifa.webzsites.site/wp-content/themes/shoval-haifa/data/3/%D7%A7%D7%95%D7%9E%D7%95%D7%AA/5.pdf,https://shoval-haifa.webzsites.site/#priceListD,מבנה 3,2026-07-29,B3-A16
17,3,5,228,3-E,3,82.34,20.64,כן,9.09,2,דרום/מזרח/צפון,"1,189,343 ₪",https://shoval-haifa.webzsites.site/wp-content/themes/shoval-haifa/data/3/%D7%93%D7%99%D7%A8%D7%95%D7%AA/%D7%9E%D7%A9%D7%AA%D7%9B%D7%9F%203/17.pdf,https://shoval-haifa.webzsites.site/wp-content/themes/shoval-haifa/data/3/%D7%A7%D7%95%D7%9E%D7%95%D7%AA/5.pdf,https://shoval-haifa.webzsites.site/#priceListD,מבנה 3,2026-07-29,B3-A17
18,3,6,228,3-C,5,125.93,24.27,כן,8.51,2,צפון/מזרח/מערב,"1,871,636 ₪",https://shoval-haifa.webzsites.site/wp-content/themes/shoval-haifa/data/3/%D7%93%D7%99%D7%A8%D7%95%D7%AA/%D7%9E%D7%A9%D7%AA%D7%9B%D7%9F%203/18.pdf,https://shoval-haifa.webzsites.site/wp-content/themes/shoval-haifa/data/3/%D7%A7%D7%95%D7%9E%D7%95%D7%AA/6.pdf,https://shoval-haifa.webzsites.site/#priceListD,מבנה 3,2026-07-29,B3-A18
19,3,6,228,3-F,5,155.37,100.78,לא,9.59,2,מערב/דרום/מזרח,,,https://shoval-haifa.webzsites.site/wp-content/themes/shoval-haifa/data/3/%D7%A7%D7%95%D7%9E%D7%95%D7%AA/6.pdf,https://shoval-haifa.webzsites.site/#priceListD,מבנה 3,2026-07-29,B3-A19
20,3,7,228,3-G,5,184.11,126.56,לא,9.43,2,צפון/מערב/דרום/מזרח,,,https://shoval-haifa.webzsites.site/wp-content/themes/shoval-haifa/data/3/%D7%A7%D7%95%D7%9E%D7%95%D7%AA/7.pdf,https://shoval-haifa.webzsites.site/#priceListD,מבנה 3,2026-07-29,B3-A20
1,4,קרקע,228,3ב-A,5,127.69,264.61,לא,10.41,2,מזרח/צפון/דרום,,,https://shoval-haifa.webzsites.site/wp-content/themes/shoval-haifa/data/4/%D7%A7%D7%95%D7%9E%D7%95%D7%AA/0.pdf,https://shoval-haifa.webzsites.site/#priceListD,מבנה 4,2026-07-29,B4-A1
2,4,קרקע,228,3ב-B,5,127.48,268.23,לא,10.39,2,מערב/דרום,,,https://shoval-haifa.webzsites.site/wp-content/themes/shoval-haifa/data/4/%D7%A7%D7%95%D7%9E%D7%95%D7%AA/0.pdf,https://shoval-haifa.webzsites.site/#priceListD,מבנה 4,2026-07-29,B4-A2
3,4,1,228,3-CM,5,125.93,24.27,כן,8.56,2,מזרח/צפון/דרום,"1,871,945 ₪",https://shoval-haifa.webzsites.site/wp-content/themes/shoval-haifa/data/4/%D7%93%D7%99%D7%A8%D7%95%D7%AA/%D7%9E%D7%A9%D7%AA%D7%9B%D7%9F%204/3.pdf,https://shoval-haifa.webzsites.site/wp-content/themes/shoval-haifa/data/4/%D7%A7%D7%95%D7%9E%D7%95%D7%AA/1.pdf,https://shoval-haifa.webzsites.site/#priceListD,מבנה 4,2026-07-29,B4-A3
4,4,1,228,3-DM,5,127.03,24.29,כן,8.24,2,מערב/דרום,"1,884,514 ₪",https://shoval-haifa.webzsites.site/wp-content/themes/shoval-haifa/data/4/%D7%93%D7%99%D7%A8%D7%95%D7%AA/%D7%9E%D7%A9%D7%AA%D7%9B%D7%9F%204/4.pdf,https://shoval-haifa.webzsites.site/wp-content/themes/shoval-haifa/data/4/%D7%A7%D7%95%D7%9E%D7%95%D7%AA/1.pdf,https://shoval-haifa.webzsites.site/#priceListD,מבנה 4,2026-07-29,B4-A4
5,4,1,228,3-EM,3,82.34,20.64,כן,9.60,2,מערב/צפון/מזרח,"1,191,866 ₪",https://shoval-haifa.webzsites.site/wp-content/themes/shoval-haifa/data/4/%D7%93%D7%99%D7%A8%D7%95%D7%AA/%D7%9E%D7%A9%D7%AA%D7%9B%D7%9F%204/5.pdf,https://shoval-haifa.webzsites.site/wp-content/themes/shoval-haifa/data/4/%D7%A7%D7%95%D7%9E%D7%95%D7%AA/1.pdf,https://shoval-haifa.webzsites.site/#priceListD,מבנה 4,2026-07-29,B4-A5
6,4,2,228,3-CM,5,125.93,24.27,כן,8.78,2,מזרח/צפון/דרום,"1,873,306 ₪",https://shoval-haifa.webzsites.site/wp-content/themes/shoval-haifa/data/4/%D7%93%D7%99%D7%A8%D7%95%D7%AA/%D7%9E%D7%A9%D7%AA%D7%9B%D7%9F%204/6.pdf,https://shoval-haifa.webzsites.site/wp-content/themes/shoval-haifa/data/4/%D7%A7%D7%95%D7%9E%D7%95%D7%AA/2.pdf,https://shoval-haifa.webzsites.site/#priceListD,מבנה 4,2026-07-29,B4-A6
7,4,2,228,3-DM,5,127.03,24.29,כן,8.71,2,מערב/דרום,"1,887,420 ₪",https://shoval-haifa.webzsites.site/wp-content/themes/shoval-haifa/data/4/%D7%93%D7%99%D7%A8%D7%95%D7%AA/%D7%9E%D7%A9%D7%AA%D7%9B%D7%9F%204/7.pdf,https://shoval-haifa.webzsites.site/wp-content/themes/shoval-haifa/data/4/%D7%A7%D7%95%D7%9E%D7%95%D7%AA/2.pdf,https://shoval-haifa.webzsites.site/#priceListD,מבנה 4,2026-07-29,B4-A7
8,4,2,228,3-EM,3,82.34,20.64,כן,9.65,2,מערב/צפון/מזרח,"1,192,113 ₪",https://shoval-haifa.webzsites.site/wp-content/themes/shoval-haifa/data/4/%D7%93%D7%99%D7%A8%D7%95%D7%AA/%D7%9E%D7%A9%D7%AA%D7%9B%D7%9F%204/8.pdf,https://shoval-haifa.webzsites.site/wp-content/themes/shoval-haifa/data/4/%D7%A7%D7%95%D7%9E%D7%95%D7%AA/2.pdf,https://shoval-haifa.webzsites.site/#priceListD,מבנה 4,2026-07-29,B4-A8
9,4,3,228,3-CM,5,125.93,24.27,כן,9.08,2,מזרח/צפון/דרום,"1,875,161 ₪",https://shoval-haifa.webzsites.site/wp-content/themes/shoval-haifa/data/4/%D7%93%D7%99%D7%A8%D7%95%D7%AA/%D7%9E%D7%A9%D7%AA%D7%9B%D7%9F%204/9.pdf,https://shoval-haifa.webzsites.site/wp-content/themes/shoval-haifa/data/4/%D7%A7%D7%95%D7%9E%D7%95%D7%AA/3.pdf,https://shoval-haifa.webzsites.site/#priceListD,מבנה 4,2026-07-29,B4-A9
10,4,3,228,3-DM,5,127.03,24.29,כן,8.97,2,מערב/דרום,"1,889,028 ₪",https://shoval-haifa.webzsites.site/wp-content/themes/shoval-haifa/data/4/%D7%93%D7%99%D7%A8%D7%95%D7%AA/%D7%9E%D7%A9%D7%AA%D7%9B%D7%9F%204/10.pdf,https://shoval-haifa.webzsites.site/wp-content/themes/shoval-haifa/data/4/%D7%A7%D7%95%D7%9E%D7%95%D7%AA/3.pdf,https://shoval-haifa.webzsites.site/#priceListD,מבנה 4,2026-07-29,B4-A10
11,4,3,228,3-EM,3,82.34,20.64,כן,9.93,2,מערב/צפון/מזרח,"1,193,498 ₪",https://shoval-haifa.webzsites.site/wp-content/themes/shoval-haifa/data/4/%D7%93%D7%99%D7%A8%D7%95%D7%AA/%D7%9E%D7%A9%D7%AA%D7%9B%D7%9F%204/11.pdf,https://shoval-haifa.webzsites.site/wp-content/themes/shoval-haifa/data/4/%D7%A7%D7%95%D7%9E%D7%95%D7%AA/3.pdf,https://shoval-haifa.webzsites.site/#priceListD,מבנה 4,2026-07-29,B4-A11
12,4,4,228,3-CM,5,125.93,24.27,כן,9.23,2,מזרח/צפון/דרום,"1,876,088 ₪",https://shoval-haifa.webzsites.site/wp-content/themes/shoval-haifa/data/4/%D7%93%D7%99%D7%A8%D7%95%D7%AA/%D7%9E%D7%A9%D7%AA%D7%9B%D7%9F%204/12.pdf,https://shoval-haifa.webzsites.site/wp-content/themes/shoval-haifa/data/4/%D7%A7%D7%95%D7%9E%D7%95%D7%AA/4.pdf,https://shoval-haifa.webzsites.site/#priceListD,מבנה 4,2026-07-29,B4-A12
13,4,4,228,3-DM,5,127.03,24.29,כן,9.15,2,מערב/דרום,"1,890,141 ₪",https://shoval-haifa.webzsites.site/wp-content/themes/shoval-haifa/data/4/%D7%93%D7%99%D7%A8%D7%95%D7%AA/%D7%9E%D7%A9%D7%AA%D7%9B%D7%9F%204/13.pdf,https://shoval-haifa.webzsites.site/wp-content/themes/shoval-haifa/data/4/%D7%A7%D7%95%D7%9E%D7%95%D7%AA/4.pdf,https://shoval-haifa.webzsites.site/#priceListD,מבנה 4,2026-07-29,B4-A13
14,4,4,228,3-EM,3,82.34,20.64,כן,9.74,2,מערב/צפון/מזרח,"1,192,558 ₪",https://shoval-haifa.webzsites.site/wp-content/themes/shoval-haifa/data/4/%D7%93%D7%99%D7%A8%D7%95%D7%AA/%D7%9E%D7%A9%D7%AA%D7%9B%D7%9F%204/14.pdf,https://shoval-haifa.webzsites.site/wp-content/themes/shoval-haifa/data/4/%D7%A7%D7%95%D7%9E%D7%95%D7%AA/4.pdf,https://shoval-haifa.webzsites.site/#priceListD,מבנה 4,2026-07-29,B4-A14
15,4,5,228,3-CM,5,125.93,24.27,כן,9.25,2,מזרח/צפון/דרום,"1,876,212 ₪",https://shoval-haifa.webzsites.site/wp-content/themes/shoval-haifa/data/4/%D7%93%D7%99%D7%A8%D7%95%D7%AA/%D7%9E%D7%A9%D7%AA%D7%9B%D7%9F%204/15.pdf,https://shoval-haifa.webzsites.site/wp-content/themes/shoval-haifa/data/4/%D7%A7%D7%95%D7%9E%D7%95%D7%AA/5.pdf,https://shoval-haifa.webzsites.site/#priceListD,מבנה 4,2026-07-29,B4-A15
16,4,5,228,3-FM,5,155.37,100.78,לא,10.17,2,צפון/מערב/דרום,,,https://shoval-haifa.webzsites.site/wp-content/themes/shoval-haifa/data/4/%D7%A7%D7%95%D7%9E%D7%95%D7%AA/5.pdf,https://shoval-haifa.webzsites.site/#priceListD,מבנה 4,2026-07-29,B4-A16
17,4,6,228,3-GM,5,184.11,126.56,לא,9.96,2,מזרח/מערב/דרום/צפון,,,https://shoval-haifa.webzsites.site/wp-content/themes/shoval-haifa/data/4/%D7%A7%D7%95%D7%9E%D7%95%D7%AA/6.pdf,https://shoval-haifa.webzsites.site/#priceListD,מבנה 4,2026-07-29,B4-A17
1,5,קרקע,228,3-H,5,127.69,264.43,לא,9.70,2,מערב/צפון/דרום,,,https://shoval-haifa.webzsites.site/wp-content/themes/shoval-haifa/data/5/%D7%A7%D7%95%D7%9E%D7%95%D7%AA/0.pdf,https://shoval-haifa.webzsites.site/#priceListD,מבנה 5,2026-07-29,B5-A1
2,5,קרקע,228,3-I,5,127.48,251.93,לא,10.36,2,מזרח/דרום,,,https://shoval-haifa.webzsites.site/wp-content/themes/shoval-haifa/data/5/%D7%A7%D7%95%D7%9E%D7%95%D7%AA/0.pdf,https://shoval-haifa.webzsites.site/#priceListD,מבנה 5,2026-07-29,B5-A2
3,5,1,228,3-C,5,125.93,24.27,כן,7.57,2,מערב/צפון/דרום,"1,865,823 ₪",https://shoval-haifa.webzsites.site/wp-content/themes/shoval-haifa/data/5/%D7%93%D7%99%D7%A8%D7%95%D7%AA/%D7%9E%D7%A9%D7%AA%D7%9B%D7%9F%205/3.pdf,https://shoval-haifa.webzsites.site/wp-content/themes/shoval-haifa/data/5/%D7%A7%D7%95%D7%9E%D7%95%D7%AA/1.pdf,https://shoval-haifa.webzsites.site/#priceListD,מבנה 5,2026-07-29,B5-A3
4,5,1,228,3-D,5,127.03,24.29,כן,7.01,2,מזרח/דרום,"1,876,908 ₪",https://shoval-haifa.webzsites.site/wp-content/themes/shoval-haifa/data/5/%D7%93%D7%99%D7%A8%D7%95%D7%AA/%D7%9E%D7%A9%D7%AA%D7%9B%D7%9F%205/4.pdf,https://shoval-haifa.webzsites.site/wp-content/themes/shoval-haifa/data/5/%D7%A7%D7%95%D7%9E%D7%95%D7%AA/1.pdf,https://shoval-haifa.webzsites.site/#priceListD,מבנה 5,2026-07-29,B5-A4
5,5,1,228,3-E,3,82.34,20.64,כן,8.38,2,מזרח/צפון/מערב,"1,185,830 ₪",https://shoval-haifa.webzsites.site/wp-content/themes/shoval-haifa/data/5/%D7%93%D7%99%D7%A8%D7%95%D7%AA/%D7%9E%D7%A9%D7%AA%D7%9B%D7%9F%205/5.pdf,https://shoval-haifa.webzsites.site/wp-content/themes/shoval-haifa/data/5/%D7%A7%D7%95%D7%9E%D7%95%D7%AA/1.pdf,https://shoval-haifa.webzsites.site/#priceListD,מבנה 5,2026-07-29,B5-A5
6,5,2,228,3-C,5,125.93,24.27,כן,7.59,2,מערב/צפון/דרום,"1,865,947 ₪",https://shoval-haifa.webzsites.site/wp-content/themes/shoval-haifa/data/5/%D7%93%D7%99%D7%A8%D7%95%D7%AA/%D7%9E%D7%A9%D7%AA%D7%9B%D7%9F%205/6.pdf,https://shoval-haifa.webzsites.site/wp-content/themes/shoval-haifa/data/5/%D7%A7%D7%95%D7%9E%D7%95%D7%AA/2.pdf,https://shoval-haifa.webzsites.site/#priceListD,מבנה 5,2026-07-29,B5-A6
7,5,2,228,3-D,5,127.03,24.29,כן,7.10,2,מזרח/דרום,"1,877,464 ₪",https://shoval-haifa.webzsites.site/wp-content/themes/shoval-haifa/data/5/%D7%93%D7%99%D7%A8%D7%95%D7%AA/%D7%9E%D7%A9%D7%AA%D7%9B%D7%9F%205/7.pdf,https://shoval-haifa.webzsites.site/wp-content/themes/shoval-haifa/data/5/%D7%A7%D7%95%D7%9E%D7%95%D7%AA/2.pdf,https://shoval-haifa.webzsites.site/#priceListD,מבנה 5,2026-07-29,B5-A7
8,5,2,228,3-E,3,82.34,20.64,כן,8.99,2,מזרח/צפון/מערב,"1,188,848 ₪",https://shoval-haifa.webzsites.site/wp-content/themes/shoval-haifa/data/5/%D7%93%D7%99%D7%A8%D7%95%D7%AA/%D7%9E%D7%A9%D7%AA%D7%9B%D7%9F%205/8.pdf,https://shoval-haifa.webzsites.site/wp-content/themes/shoval-haifa/data/5/%D7%A7%D7%95%D7%9E%D7%95%D7%AA/2.pdf,https://shoval-haifa.webzsites.site/#priceListD,מבנה 5,2026-07-29,B5-A8
9,5,3,228,3-C,5,125.93,24.27,כן,7.75,2,מערב/צפון/דרום,"1,866,936 ₪",https://shoval-haifa.webzsites.site/wp-content/themes/shoval-haifa/data/5/%D7%93%D7%99%D7%A8%D7%95%D7%AA/%D7%9E%D7%A9%D7%AA%D7%9B%D7%9F%205/9.pdf,https://shoval-haifa.webzsites.site/wp-content/themes/shoval-haifa/data/5/%D7%A7%D7%95%D7%9E%D7%95%D7%AA/3.pdf,https://shoval-haifa.webzsites.site/#priceListD,מבנה 5,2026-07-29,B5-A9
10,5,3,228,3-D,5,127.03,24.29,כן,7.13,2,מזרח/דרום,"1,877,650 ₪",https://shoval-haifa.webzsites.site/wp-content/themes/shoval-haifa/data/5/%D7%93%D7%99%D7%A8%D7%95%D7%AA/%D7%9E%D7%A9%D7%AA%D7%9B%D7%9F%205/10.pdf,https://shoval-haifa.webzsites.site/wp-content/themes/shoval-haifa/data/5/%D7%A7%D7%95%D7%9E%D7%95%D7%AA/3.pdf,https://shoval-haifa.webzsites.site/#priceListD,מבנה 5,2026-07-29,B5-A10
11,5,3,228,3-E,3,82.34,20.64,כן,9.05,2,מזרח/צפון/מערב,"1,189,145 ₪",https://shoval-haifa.webzsites.site/wp-content/themes/shoval-haifa/data/5/%D7%93%D7%99%D7%A8%D7%95%D7%AA/%D7%9E%D7%A9%D7%AA%D7%9B%D7%9F%205/11.pdf,https://shoval-haifa.webzsites.site/wp-content/themes/shoval-haifa/data/5/%D7%A7%D7%95%D7%9E%D7%95%D7%AA/3.pdf,https://shoval-haifa.webzsites.site/#priceListD,מבנה 5,2026-07-29,B5-A11
12,5,4,228,3-C,5,125.93,24.27,כן,7.95,2,מערב/צפון/דרום,"1,868,173 ₪",https://shoval-haifa.webzsites.site/wp-content/themes/shoval-haifa/data/5/%D7%93%D7%99%D7%A8%D7%95%D7%AA/%D7%9E%D7%A9%D7%AA%D7%9B%D7%9F%205/12.pdf,https://shoval-haifa.webzsites.site/wp-content/themes/shoval-haifa/data/5/%D7%A7%D7%95%D7%9E%D7%95%D7%AA/4.pdf,https://shoval-haifa.webzsites.site/#priceListD,מבנה 5,2026-07-29,B5-A12
13,5,4,228,3-D,5,127.03,24.29,כן,7.14,2,מזרח/דרום,"1,877,711 ₪",https://shoval-haifa.webzsites.site/wp-content/themes/shoval-haifa/data/5/%D7%93%D7%99%D7%A8%D7%95%D7%AA/%D7%9E%D7%A9%D7%AA%D7%9B%D7%9F%205/13.pdf,https://shoval-haifa.webzsites.site/wp-content/themes/shoval-haifa/data/5/%D7%A7%D7%95%D7%9E%D7%95%D7%AA/4.pdf,https://shoval-haifa.webzsites.site/#priceListD,מבנה 5,2026-07-29,B5-A13
14,5,4,228,3-E,3,82.34,20.64,כן,9.15,2,מזרח/צפון/מערב,"1,189,640 ₪",https://shoval-haifa.webzsites.site/wp-content/themes/shoval-haifa/data/5/%D7%93%D7%99%D7%A8%D7%95%D7%AA/%D7%9E%D7%A9%D7%AA%D7%9B%D7%9F%205/14.pdf,https://shoval-haifa.webzsites.site/wp-content/themes/shoval-haifa/data/5/%D7%A7%D7%95%D7%9E%D7%95%D7%AA/4.pdf,https://shoval-haifa.webzsites.site/#priceListD,מבנה 5,2026-07-29,B5-A14
15,5,5,228,3-C,5,125.93,24.27,כן,7.96,2,מערב/צפון/דרום,"1,868,235 ₪",https://shoval-haifa.webzsites.site/wp-content/themes/shoval-haifa/data/5/%D7%93%D7%99%D7%A8%D7%95%D7%AA/%D7%9E%D7%A9%D7%AA%D7%9B%D7%9F%205/15.pdf,https://shoval-haifa.webzsites.site/wp-content/themes/shoval-haifa/data/5/%D7%A7%D7%95%D7%9E%D7%95%D7%AA/5.pdf,https://shoval-haifa.webzsites.site/#priceListD,מבנה 5,2026-07-29,B5-A15
16,5,5,228,3-D,5,127.03,24.29,כן,7.95,2,מזרח/דרום,"1,882,720 ₪",https://shoval-haifa.webzsites.site/wp-content/themes/shoval-haifa/data/5/%D7%93%D7%99%D7%A8%D7%95%D7%AA/%D7%9E%D7%A9%D7%AA%D7%9B%D7%9F%205/16.pdf,https://shoval-haifa.webzsites.site/wp-content/themes/shoval-haifa/data/5/%D7%A7%D7%95%D7%9E%D7%95%D7%AA/5.pdf,https://shoval-haifa.webzsites.site/#priceListD,מבנה 5,2026-07-29,B5-A16
17,5,5,228,3-E,3,82.34,20.64,כן,9.40,2,מזרח/צפון/מערב,"1,190,876 ₪",https://shoval-haifa.webzsites.site/wp-content/themes/shoval-haifa/data/5/%D7%93%D7%99%D7%A8%D7%95%D7%AA/%D7%9E%D7%A9%D7%AA%D7%9B%D7%9F%205/17.pdf,https://shoval-haifa.webzsites.site/wp-content/themes/shoval-haifa/data/5/%D7%A7%D7%95%D7%9E%D7%95%D7%AA/5.pdf,https://shoval-haifa.webzsites.site/#priceListD,מבנה 5,2026-07-29,B5-A17
18,5,6,228,3-C,5,125.93,24.27,כן,8.22,2,מערב/צפון/דרום,"1,869,843 ₪",https://shoval-haifa.webzsites.site/wp-content/themes/shoval-haifa/data/5/%D7%93%D7%99%D7%A8%D7%95%D7%AA/%D7%9E%D7%A9%D7%AA%D7%9B%D7%9F%205/18.pdf,https://shoval-haifa.webzsites.site/wp-content/themes/shoval-haifa/data/5/%D7%A7%D7%95%D7%9E%D7%95%D7%AA/6.pdf,https://shoval-haifa.webzsites.site/#priceListD,מבנה 5,2026-07-29,B5-A18
19,5,6,228,3-F,5,155.37,100.78,לא,9.68,2,מזרח/דרום/צפון,,,https://shoval-haifa.webzsites.site/wp-content/themes/shoval-haifa/data/5/%D7%A7%D7%95%D7%9E%D7%95%D7%AA/6.pdf,https://shoval-haifa.webzsites.site/#priceListD,מבנה 5,2026-07-29,B5-A19
20,5,7,228,3-G,5,184.11,126.56,לא,9.47,2,מערב/מזרח/צפון/דרום,,,https://shoval-haifa.webzsites.site/wp-content/themes/shoval-haifa/data/5/%D7%A7%D7%95%D7%9E%D7%95%D7%AA/7.pdf,https://shoval-haifa.webzsites.site/#priceListD,מבנה 5,2026-07-29,B5-A20
1,6,קרקע,228,3-JM,5,127.69,147.67,לא,10.21,2,צפון/מזרח/מערב,,,https://shoval-haifa.webzsites.site/wp-content/themes/shoval-haifa/data/6/%D7%A7%D7%95%D7%9E%D7%95%D7%AA/0.pdf,https://shoval-haifa.webzsites.site/#priceListD,מבנה 6,2026-07-29,B6-A1
2,6,קרקע,228,3-KM,5,127.48,210.46,לא,10.21,2,דרום מזרח,,,https://shoval-haifa.webzsites.site/wp-content/themes/shoval-haifa/data/6/%D7%A7%D7%95%D7%9E%D7%95%D7%AA/0.pdf,https://shoval-haifa.webzsites.site/#priceListD,מבנה 6,2026-07-29,B6-A2
3,6,1,228,3-CM,5,125.93,24.27,כן,7.40,2,צפון/מזרח/מערב,"1,864,772 ₪",https://shoval-haifa.webzsites.site/wp-content/themes/shoval-haifa/data/6/%D7%93%D7%99%D7%A8%D7%95%D7%AA/%D7%9E%D7%A9%D7%AA%D7%9B%D7%9F%206/3.pdf,https://shoval-haifa.webzsites.site/wp-content/themes/shoval-haifa/data/6/%D7%A7%D7%95%D7%9E%D7%95%D7%AA/1.pdf,https://shoval-haifa.webzsites.site/#priceListD,מבנה 6,2026-07-29,B6-A3
4,6,1,228,3-DM,5,127.03,24.29,כן,6.70,2,דרום מזרח,"1,874,991 ₪",https://shoval-haifa.webzsites.site/wp-content/themes/shoval-haifa/data/6/%D7%93%D7%99%D7%A8%D7%95%D7%AA/%D7%9E%D7%A9%D7%AA%D7%9B%D7%9F%206/4.pdf,https://shoval-haifa.webzsites.site/wp-content/themes/shoval-haifa/data/6/%D7%A7%D7%95%D7%9E%D7%95%D7%AA/1.pdf,https://shoval-haifa.webzsites.site/#priceListD,מבנה 6,2026-07-29,B6-A4
5,6,1,228,3-EM,3,82.34,20.64,כן,8.19,2,דרום/מערב/צפון,"1,184,890 ₪",https://shoval-haifa.webzsites.site/wp-content/themes/shoval-haifa/data/6/%D7%93%D7%99%D7%A8%D7%95%D7%AA/%D7%9E%D7%A9%D7%AA%D7%9B%D7%9F%206/5.pdf,https://shoval-haifa.webzsites.site/wp-content/themes/shoval-haifa/data/6/%D7%A7%D7%95%D7%9E%D7%95%D7%AA/1.pdf,https://shoval-haifa.webzsites.site/#priceListD,מבנה 6,2026-07-29,B6-A5
6,6,2,228,3-CM,5,125.93,24.27,כן,7.47,2,צפון/מזרח/מערב,"1,865,205 ₪",https://shoval-haifa.webzsites.site/wp-content/themes/shoval-haifa/data/6/%D7%93%D7%99%D7%A8%D7%95%D7%AA/%D7%9E%D7%A9%D7%AA%D7%9B%D7%9F%206/6.pdf,https://shoval-haifa.webzsites.site/wp-content/themes/shoval-haifa/data/6/%D7%A7%D7%95%D7%9E%D7%95%D7%AA/2.pdf,https://shoval-haifa.webzsites.site/#priceListD,מבנה 6,2026-07-29,B6-A6
7,6,2,228,3-DM,5,127.03,24.29,כן,6.92,2,דרום מזרח,"1,876,351 ₪",https://shoval-haifa.webzsites.site/wp-content/themes/shoval-haifa/data/6/%D7%93%D7%99%D7%A8%D7%95%D7%AA/%D7%9E%D7%A9%D7%AA%D7%9B%D7%9F%206/7.pdf,https://shoval-haifa.webzsites.site/wp-content/themes/shoval-haifa/data/6/%D7%A7%D7%95%D7%9E%D7%95%D7%AA/2.pdf,https://shoval-haifa.webzsites.site/#priceListD,מבנה 6,2026-07-29,B6-A7
8,6,2,228,3-EM,3,82.34,20.64,כן,8.82,2,דרום/מערב/צפון,"1,188,007 ₪",https://shoval-haifa.webzsites.site/wp-content/themes/shoval-haifa/data/6/%D7%93%D7%99%D7%A8%D7%95%D7%AA/%D7%9E%D7%A9%D7%AA%D7%9B%D7%9F%206/8.pdf,https://shoval-haifa.webzsites.site/wp-content/themes/shoval-haifa/data/6/%D7%A7%D7%95%D7%9E%D7%95%D7%AA/2.pdf,https://shoval-haifa.webzsites.site/#priceListD,מבנה 6,2026-07-29,B6-A8
9,6,3,228,3-CM,5,125.93,24.27,כן,7.47,2,צפון/מזרח/מערב,"1,865,205 ₪",https://shoval-haifa.webzsites.site/wp-content/themes/shoval-haifa/data/6/%D7%93%D7%99%D7%A8%D7%95%D7%AA/%D7%9E%D7%A9%D7%AA%D7%9B%D7%9F%206/9.pdf,https://shoval-haifa.webzsites.site/wp-content/themes/shoval-haifa/data/6/%D7%A7%D7%95%D7%9E%D7%95%D7%AA/3.pdf,https://shoval-haifa.webzsites.site/#priceListD,מבנה 6,2026-07-29,B6-A9
10,6,3,228,3-DM,5,127.03,24.29,כן,7.18,2,דרום מזרח,"1,877,959 ₪",https://shoval-haifa.webzsites.site/wp-content/themes/shoval-haifa/data/6/%D7%93%D7%99%D7%A8%D7%95%D7%AA/%D7%9E%D7%A9%D7%AA%D7%9B%D7%9F%206/10.pdf,https://shoval-haifa.webzsites.site/wp-content/themes/shoval-haifa/data/6/%D7%A7%D7%95%D7%9E%D7%95%D7%AA/3.pdf,https://shoval-haifa.webzsites.site/#priceListD,מבנה 6,2026-07-29,B6-A10
11,6,3,228,3-EM,3,82.34,20.64,כן,9.39,2,דרום/מערב/צפון,"1,190,827 ₪",https://shoval-haifa.webzsites.site/wp-content/themes/shoval-haifa/data/6/%D7%93%D7%99%D7%A8%D7%95%D7%AA/%D7%9E%D7%A9%D7%AA%D7%9B%D7%9F%206/11.pdf,https://shoval-haifa.webzsites.site/wp-content/themes/shoval-haifa/data/6/%D7%A7%D7%95%D7%9E%D7%95%D7%AA/3.pdf,https://shoval-haifa.webzsites.site/#priceListD,מבנה 6,2026-07-29,B6-A11
12,6,4,228,3-CM,5,125.93,24.27,כן,7.69,2,צפון/מזרח/מערב,"1,866,565 ₪",https://shoval-haifa.webzsites.site/wp-content/themes/shoval-haifa/data/6/%D7%93%D7%99%D7%A8%D7%95%D7%AA/%D7%9E%D7%A9%D7%AA%D7%9B%D7%9F%206/12.pdf,https://shoval-haifa.webzsites.site/wp-content/themes/shoval-haifa/data/6/%D7%A7%D7%95%D7%9E%D7%95%D7%AA/4.pdf,https://shoval-haifa.webzsites.site/#priceListD,מבנה 6,2026-07-29,B6-A12
13,6,4,228,3-DM,5,127.03,24.29,כן,7.43,2,דרום מזרח,"1,879,505 ₪",https://shoval-haifa.webzsites.site/wp-content/themes/shoval-haifa/data/6/%D7%93%D7%99%D7%A8%D7%95%D7%AA/%D7%9E%D7%A9%D7%AA%D7%9B%D7%9F%206/13.pdf,https://shoval-haifa.webzsites.site/wp-content/themes/shoval-haifa/data/6/%D7%A7%D7%95%D7%9E%D7%95%D7%AA/4.pdf,https://shoval-haifa.webzsites.site/#priceListD,מבנה 6,2026-07-29,B6-A13
14,6,4,228,3-EM,3,82.34,20.64,כן,9.40,2,דרום/מערב/צפון,"1,190,876 ₪",https://shoval-haifa.webzsites.site/wp-content/themes/shoval-haifa/data/6/%D7%93%D7%99%D7%A8%D7%95%D7%AA/%D7%9E%D7%A9%D7%AA%D7%9B%D7%9F%206/14.pdf,https://shoval-haifa.webzsites.site/wp-content/themes/shoval-haifa/data/6/%D7%A7%D7%95%D7%9E%D7%95%D7%AA/4.pdf,https://shoval-haifa.webzsites.site/#priceListD,מבנה 6,2026-07-29,B6-A14
15,6,5,228,3-CM,5,125.93,24.27,כן,7.68,2,צפון/מזרח/מערב,"1,866,504 ₪",https://shoval-haifa.webzsites.site/wp-content/themes/shoval-haifa/data/6/%D7%93%D7%99%D7%A8%D7%95%D7%AA/%D7%9E%D7%A9%D7%AA%D7%9B%D7%9F%206/15.pdf,https://shoval-haifa.webzsites.site/wp-content/themes/shoval-haifa/data/6/%D7%A7%D7%95%D7%9E%D7%95%D7%AA/5.pdf,https://shoval-haifa.webzsites.site/#priceListD,מבנה 6,2026-07-29,B6-A15
16,6,5,228,3-DM,5,127.03,24.29,כן,7.30,2,דרום מזרח,"1,878,701 ₪",https://shoval-haifa.webzsites.site/wp-content/themes/shoval-haifa/data/6/%D7%93%D7%99%D7%A8%D7%95%D7%AA/%D7%9E%D7%A9%D7%AA%D7%9B%D7%9F%206/16.pdf,https://shoval-haifa.webzsites.site/wp-content/themes/shoval-haifa/data/6/%D7%A7%D7%95%D7%9E%D7%95%D7%AA/5.pdf,https://shoval-haifa.webzsites.site/#priceListD,מבנה 6,2026-07-29,B6-A16
17,6,5,228,3-EM,3,82.34,20.64,כן,9.77,2,דרום/מערב/צפון,"1,192,707 ₪",https://shoval-haifa.webzsites.site/wp-content/themes/shoval-haifa/data/6/%D7%93%D7%99%D7%A8%D7%95%D7%AA/%D7%9E%D7%A9%D7%AA%D7%9B%D7%9F%206/17.pdf,https://shoval-haifa.webzsites.site/wp-content/themes/shoval-haifa/data/6/%D7%A7%D7%95%D7%9E%D7%95%D7%AA/5.pdf,https://shoval-haifa.webzsites.site/#priceListD,מבנה 6,2026-07-29,B6-A17
18,6,6,228,3-CM,5,125.93,24.27,כן,7.85,2,צפון/מזרח/מערב,"1,867,555 ₪",https://shoval-haifa.webzsites.site/wp-content/themes/shoval-haifa/data/6/%D7%93%D7%99%D7%A8%D7%95%D7%AA/%D7%9E%D7%A9%D7%AA%D7%9B%D7%9F%206/18.pdf,https://shoval-haifa.webzsites.site/wp-content/themes/shoval-haifa/data/6/%D7%A7%D7%95%D7%9E%D7%95%D7%AA/6.pdf,https://shoval-haifa.webzsites.site/#priceListD,מבנה 6,2026-07-29,B6-A18
19,6,6,228,3-FM,5,155.37,100.78,לא,9.93,2,מערב/דרום מזרח,,,https://shoval-haifa.webzsites.site/wp-content/themes/shoval-haifa/data/6/%D7%A7%D7%95%D7%9E%D7%95%D7%AA/6.pdf,https://shoval-haifa.webzsites.site/#priceListD,מבנה 6,2026-07-29,B6-A19
20,6,7,228,3-GM,5,184.11,126.56,לא,9.78,2,צפון/מערב/דרום/מזרח,,,https://shoval-haifa.webzsites.site/wp-content/themes/shoval-haifa/data/6/%D7%A7%D7%95%D7%9E%D7%95%D7%AA/7.pdf,https://shoval-haifa.webzsites.site/#priceListD,מבנה 6,2026-07-29,B6-A20
1,7,1,228,4-A,5.5,140.20,24.24,כן,6.04,2,מערב/דרום,"1,960,413 ₪",https://shoval-haifa.webzsites.site/wp-content/themes/shoval-haifa/data/7/%D7%93%D7%99%D7%A8%D7%95%D7%AA/%D7%9E%D7%A9%D7%AA%D7%9B%D7%9F%207/1.pdf,https://shoval-haifa.webzsites.site/wp-content/themes/shoval-haifa/data/7/%D7%A7%D7%95%D7%9E%D7%95%D7%AA/1.pdf,https://shoval-haifa.webzsites.site/#priceListD,מבנה 7,2026-07-29,B7-A1
2,7,1,228,4-B,5,147.73,18.41,כן,8.10,2,צפון/מזרח,"2,019,105 ₪",https://shoval-haifa.webzsites.site/wp-content/themes/shoval-haifa/data/7/%D7%93%D7%99%D7%A8%D7%95%D7%AA/%D7%9E%D7%A9%D7%AA%D7%9B%D7%9F%207/2.pdf,https://shoval-haifa.webzsites.site/wp-content/themes/shoval-haifa/data/7/%D7%A7%D7%95%D7%9E%D7%95%D7%AA/1.pdf,https://shoval-haifa.webzsites.site/#priceListD,מבנה 7,2026-07-29,B7-A2
3,7,2,228,4-C,5.5,144.26,23.94,כן,7.83,2,מערב/צפון,"2,032,753 ₪",https://shoval-haifa.webzsites.site/wp-content/themes/shoval-haifa/data/7/%D7%93%D7%99%D7%A8%D7%95%D7%AA/%D7%9E%D7%A9%D7%AA%D7%9B%D7%9F%207/3.pdf,https://shoval-haifa.webzsites.site/wp-content/themes/shoval-haifa/data/7/%D7%A7%D7%95%D7%9E%D7%95%D7%AA/2.pdf,https://shoval-haifa.webzsites.site/#priceListD,מבנה 7,2026-07-29,B7-A3
4,7,2,228,4-D,5.5,141.28,23.90,כן,6.45,2,מערב/דרום,"1,986,791 ₪",https://shoval-haifa.webzsites.site/wp-content/themes/shoval-haifa/data/7/%D7%93%D7%99%D7%A8%D7%95%D7%AA/%D7%9E%D7%A9%D7%AA%D7%9B%D7%9F%207/4.pdf,https://shoval-haifa.webzsites.site/wp-content/themes/shoval-haifa/data/7/%D7%A7%D7%95%D7%9E%D7%95%D7%AA/2.pdf,https://shoval-haifa.webzsites.site/#priceListD,מבנה 7,2026-07-29,B7-A4
5,7,2,228,4-E,5,125.03,18.41,כן,8.94,2,צפון/מזרח,"1,749,880 ₪",https://shoval-haifa.webzsites.site/wp-content/themes/shoval-haifa/data/7/%D7%93%D7%99%D7%A8%D7%95%D7%AA/%D7%9E%D7%A9%D7%AA%D7%9B%D7%9F%207/5.pdf,https://shoval-haifa.webzsites.site/wp-content/themes/shoval-haifa/data/7/%D7%A7%D7%95%D7%9E%D7%95%D7%AA/2.pdf,https://shoval-haifa.webzsites.site/#priceListD,מבנה 7,2026-07-29,B7-A5
6,7,2,228,4-F,3,82.83,23.91,כן,9.22,2,מזרח,"1,159,851 ₪",https://shoval-haifa.webzsites.site/wp-content/themes/shoval-haifa/data/7/%D7%93%D7%99%D7%A8%D7%95%D7%AA/%D7%9E%D7%A9%D7%AA%D7%9B%D7%9F%207/6.pdf,https://shoval-haifa.webzsites.site/wp-content/themes/shoval-haifa/data/7/%D7%A7%D7%95%D7%9E%D7%95%D7%AA/2.pdf,https://shoval-haifa.webzsites.site/#priceListD,מבנה 7,2026-07-29,B7-A6
7,7,2,228,4-G,3,83.90,23.90,כן,8.60,2,דרום/מזרח,"1,169,575 ₪",https://shoval-haifa.webzsites.site/wp-content/themes/shoval-haifa/data/7/%D7%93%D7%99%D7%A8%D7%95%D7%AA/%D7%9E%D7%A9%D7%AA%D7%9B%D7%9F%207/7.pdf,https://shoval-haifa.webzsites.site/wp-content/themes/shoval-haifa/data/7/%D7%A7%D7%95%D7%9E%D7%95%D7%AA/2.pdf,https://shoval-haifa.webzsites.site/#priceListD,מבנה 7,2026-07-29,B7-A7
8,7,3,228,4-C,5.5,144.26,23.94,כן,7.75,2,מערב/צפון,"2,044,426 ₪",https://shoval-haifa.webzsites.site/wp-content/themes/shoval-haifa/data/7/%D7%93%D7%99%D7%A8%D7%95%D7%AA/%D7%9E%D7%A9%D7%AA%D7%9B%D7%9F%207/8.pdf,https://shoval-haifa.webzsites.site/wp-content/themes/shoval-haifa/data/7/%D7%A7%D7%95%D7%9E%D7%95%D7%AA/3.pdf,https://shoval-haifa.webzsites.site/#priceListD,מבנה 7,2026-07-29,B7-A8
9,7,3,228,4-D,5.5,141.28,23.90,כן,8.11,2,מערב/דרום,"2,008,607 ₪",https://shoval-haifa.webzsites.site/wp-content/themes/shoval-haifa/data/7/%D7%93%D7%99%D7%A8%D7%95%D7%AA/%D7%9E%D7%A9%D7%AA%D7%9B%D7%9F%207/9.pdf,https://shoval-haifa.webzsites.site/wp-content/themes/shoval-haifa/data/7/%D7%A7%D7%95%D7%9E%D7%95%D7%AA/3.pdf,https://shoval-haifa.webzsites.site/#priceListD,מבנה 7,2026-07-29,B7-A9
10,7,3,228,4-E,5,125.03,18.41,כן,8.92,2,צפון/מזרח,"1,760,437 ₪",https://shoval-haifa.webzsites.site/wp-content/themes/shoval-haifa/data/7/%D7%93%D7%99%D7%A8%D7%95%D7%AA/%D7%9E%D7%A9%D7%AA%D7%9B%D7%9F%207/10.pdf,https://shoval-haifa.webzsites.site/wp-content/themes/shoval-haifa/data/7/%D7%A7%D7%95%D7%9E%D7%95%D7%AA/3.pdf,https://shoval-haifa.webzsites.site/#priceListD,מבנה 7,2026-07-29,B7-A10
11,7,3,228,4-F,3,82.83,23.91,כן,8.46,2,מזרח,"1,162,264 ₪",https://shoval-haifa.webzsites.site/wp-content/themes/shoval-haifa/data/7/%D7%93%D7%99%D7%A8%D7%95%D7%AA/%D7%9E%D7%A9%D7%AA%D7%9B%D7%9F%207/11.pdf,https://shoval-haifa.webzsites.site/wp-content/themes/shoval-haifa/data/7/%D7%A7%D7%95%D7%9E%D7%95%D7%AA/3.pdf,https://shoval-haifa.webzsites.site/#priceListD,מבנה 7,2026-07-29,B7-A11
12,7,3,228,4-G,3,83.90,23.90,כן,9.81,2,דרום/מזרח,"1,181,443 ₪",https://shoval-haifa.webzsites.site/wp-content/themes/shoval-haifa/data/7/%D7%93%D7%99%D7%A8%D7%95%D7%AA/%D7%9E%D7%A9%D7%AA%D7%9B%D7%9F%207/12.pdf,https://shoval-haifa.webzsites.site/wp-content/themes/shoval-haifa/data/7/%D7%A7%D7%95%D7%9E%D7%95%D7%AA/3.pdf,https://shoval-haifa.webzsites.site/#priceListD,מבנה 7,2026-07-29,B7-A12
13,7,4,228,4-C,5.5,144.26,23.94,כן,7.71,2,מערב/צפון,"2,056,333 ₪",https://shoval-haifa.webzsites.site/wp-content/themes/shoval-haifa/data/7/%D7%93%D7%99%D7%A8%D7%95%D7%AA/%D7%9E%D7%A9%D7%AA%D7%9B%D7%9F%207/13.pdf,https://shoval-haifa.webzsites.site/wp-content/themes/shoval-haifa/data/7/%D7%A7%D7%95%D7%9E%D7%95%D7%AA/4.pdf,https://shoval-haifa.webzsites.site/#priceListD,מבנה 7,2026-07-29,B7-A13
14,7,4,228,4-D,5.5,141.28,23.90,כן,8.09,2,מערב/דרום,"2,020,449 ₪",https://shoval-haifa.webzsites.site/wp-content/themes/shoval-haifa/data/7/%D7%93%D7%99%D7%A8%D7%95%D7%AA/%D7%9E%D7%A9%D7%AA%D7%9B%D7%9F%207/14.pdf,https://shoval-haifa.webzsites.site/wp-content/themes/shoval-haifa/data/7/%D7%A7%D7%95%D7%9E%D7%95%D7%AA/4.pdf,https://shoval-haifa.webzsites.site/#priceListD,מבנה 7,2026-07-29,B7-A14
15,7,4,228,4-E,5,125.03,18.41,כן,8.90,2,צפון/מזרח,"1,770,993 ₪",https://shoval-haifa.webzsites.site/wp-content/themes/shoval-haifa/data/7/%D7%93%D7%99%D7%A8%D7%95%D7%AA/%D7%9E%D7%A9%D7%AA%D7%9B%D7%9F%207/15.pdf,https://shoval-haifa.webzsites.site/wp-content/themes/shoval-haifa/data/7/%D7%A7%D7%95%D7%9E%D7%95%D7%AA/4.pdf,https://shoval-haifa.webzsites.site/#priceListD,מבנה 7,2026-07-29,B7-A15
16,7,4,228,4-F,3,82.83,23.91,כן,9.75,2,מזרח,"1,174,476 ₪",https://shoval-haifa.webzsites.site/wp-content/themes/shoval-haifa/data/7/%D7%93%D7%99%D7%A8%D7%95%D7%AA/%D7%9E%D7%A9%D7%AA%D7%9B%D7%9F%207/16.pdf,https://shoval-haifa.webzsites.site/wp-content/themes/shoval-haifa/data/7/%D7%A7%D7%95%D7%9E%D7%95%D7%AA/4.pdf,https://shoval-haifa.webzsites.site/#priceListD,מבנה 7,2026-07-29,B7-A16
17,7,4,228,4-G,3,83.90,23.90,כן,9.74,2,דרום/מזרח,"1,187,228 ₪",https://shoval-haifa.webzsites.site/wp-content/themes/shoval-haifa/data/7/%D7%93%D7%99%D7%A8%D7%95%D7%AA/%D7%9E%D7%A9%D7%AA%D7%9B%D7%9F%207/17.pdf,https://shoval-haifa.webzsites.site/wp-content/themes/shoval-haifa/data/7/%D7%A7%D7%95%D7%9E%D7%95%D7%AA/4.pdf,https://shoval-haifa.webzsites.site/#priceListD,מבנה 7,2026-07-29,B7-A17
18,7,5,228,4-C,5.5,144.26,23.94,כן,7.53,2,מערב/צפון,"2,067,394 ₪",https://shoval-haifa.webzsites.site/wp-content/themes/shoval-haifa/data/7/%D7%93%D7%99%D7%A8%D7%95%D7%AA/%D7%9E%D7%A9%D7%AA%D7%9B%D7%9F%207/18.pdf,https://shoval-haifa.webzsites.site/wp-content/themes/shoval-haifa/data/7/%D7%A7%D7%95%D7%9E%D7%95%D7%AA/5.pdf,https://shoval-haifa.webzsites.site/#priceListD,מבנה 7,2026-07-29,B7-A18
19,7,5,228,4-D,5.5,141.28,23.90,כן,7.98,2,מערב/דרום,"2,031,747 ₪",https://shoval-haifa.webzsites.site/wp-content/themes/shoval-haifa/data/7/%D7%93%D7%99%D7%A8%D7%95%D7%AA/%D7%9E%D7%A9%D7%AA%D7%9B%D7%9F%207/19.pdf,https://shoval-haifa.webzsites.site/wp-content/themes/shoval-haifa/data/7/%D7%A7%D7%95%D7%9E%D7%95%D7%AA/5.pdf,https://shoval-haifa.webzsites.site/#priceListD,מבנה 7,2026-07-29,B7-A19
20,7,5,228,4-E,5,125.03,18.41,כן,8.87,2,צפון/מזרח,"1,781,487 ₪",https://shoval-haifa.webzsites.site/wp-content/themes/shoval-haifa/data/7/%D7%93%D7%99%D7%A8%D7%95%D7%AA/%D7%9E%D7%A9%D7%AA%D7%9B%D7%9F%207/20.pdf,https://shoval-haifa.webzsites.site/wp-content/themes/shoval-haifa/data/7/%D7%A7%D7%95%D7%9E%D7%95%D7%AA/5.pdf,https://shoval-haifa.webzsites.site/#priceListD,מבנה 7,2026-07-29,B7-A20
21,7,5,228,4-F,3,82.83,23.91,כן,9.70,2,מזרח,"1,180,289 ₪",https://shoval-haifa.webzsites.site/wp-content/themes/shoval-haifa/data/7/%D7%93%D7%99%D7%A8%D7%95%D7%AA/%D7%9E%D7%A9%D7%AA%D7%9B%D7%9F%207/21.pdf,https://shoval-haifa.webzsites.site/wp-content/themes/shoval-haifa/data/7/%D7%A7%D7%95%D7%9E%D7%95%D7%AA/5.pdf,https://shoval-haifa.webzsites.site/#priceListD,מבנה 7,2026-07-29,B7-A21
22,7,5,228,4-G,3,83.90,23.90,כן,9.70,2,דרום/מזרח,"1,193,155 ₪",https://shoval-haifa.webzsites.site/wp-content/themes/shoval-haifa/data/7/%D7%93%D7%99%D7%A8%D7%95%D7%AA/%D7%9E%D7%A9%D7%AA%D7%9B%D7%9F%207/22.pdf,https://shoval-haifa.webzsites.site/wp-content/themes/shoval-haifa/data/7/%D7%A7%D7%95%D7%9E%D7%95%D7%AA/5.pdf,https://shoval-haifa.webzsites.site/#priceListD,מבנה 7,2026-07-29,B7-A22
23,7,6,228,4-C,5.5,144.26,23.94,כן,7.37,2,מערב/צפון,"2,078,565 ₪",https://shoval-haifa.webzsites.site/wp-content/themes/shoval-haifa/data/7/%D7%93%D7%99%D7%A8%D7%95%D7%AA/%D7%9E%D7%A9%D7%AA%D7%9B%D7%9F%207/23.pdf,https://shoval-haifa.webzsites.site/wp-content/themes/shoval-haifa/data/7/%D7%A7%D7%95%D7%9E%D7%95%D7%AA/6.pdf,https://shoval-haifa.webzsites.site/#priceListD,מבנה 7,2026-07-29,B7-A23
24,7,6,228,4-D,5.5,141.28,23.90,כן,7.87,2,מערב/דרום,"2,043,038 ₪",https://shoval-haifa.webzsites.site/wp-content/themes/shoval-haifa/data/7/%D7%93%D7%99%D7%A8%D7%95%D7%AA/%D7%9E%D7%A9%D7%AA%D7%9B%D7%9F%207/24.pdf,https://shoval-haifa.webzsites.site/wp-content/themes/shoval-haifa/data/7/%D7%A7%D7%95%D7%9E%D7%95%D7%AA/6.pdf,https://shoval-haifa.webzsites.site/#priceListD,מבנה 7,2026-07-29,B7-A24
25,7,6,228,4-E,5,125.03,18.41,כן,8.87,2,צפון/מזרח,"1,792,161 ₪",https://shoval-haifa.webzsites.site/wp-content/themes/shoval-haifa/data/7/%D7%93%D7%99%D7%A8%D7%95%D7%AA/%D7%9E%D7%A9%D7%AA%D7%9B%D7%9F%207/25.pdf,https://shoval-haifa.webzsites.site/wp-content/themes/shoval-haifa/data/7/%D7%A7%D7%95%D7%9E%D7%95%D7%AA/6.pdf,https://shoval-haifa.webzsites.site/#priceListD,מבנה 7,2026-07-29,B7-A25
26,7,6,228,4-F,3,82.83,23.91,כן,9.65,2,מזרח,"1,186,099 ₪",https://shoval-haifa.webzsites.site/wp-content/themes/shoval-haifa/data/7/%D7%93%D7%99%D7%A8%D7%95%D7%AA/%D7%9E%D7%A9%D7%AA%D7%9B%D7%9F%207/26.pdf,https://shoval-haifa.webzsites.site/wp-content/themes/shoval-haifa/data/7/%D7%A7%D7%95%D7%9E%D7%95%D7%AA/6.pdf,https://shoval-haifa.webzsites.site/#priceListD,מבנה 7,2026-07-29,B7-A26
27,7,6,228,4-G,3,83.90,23.90,כן,9.63,2,דרום/מזרח,"1,198,934 ₪",https://shoval-haifa.webzsites.site/wp-content/themes/shoval-haifa/data/7/%D7%93%D7%99%D7%A8%D7%95%D7%AA/%D7%9E%D7%A9%D7%AA%D7%9B%D7%9F%207/27.pdf,https://shoval-haifa.webzsites.site/wp-content/themes/shoval-haifa/data/7/%D7%A7%D7%95%D7%9E%D7%95%D7%AA/6.pdf,https://shoval-haifa.webzsites.site/#priceListD,מבנה 7,2026-07-29,B7-A27
28,7,7,228,4-C,5.5,144.26,23.94,כן,7.21,2,מערב/צפון,"2,089,726 ₪",https://shoval-haifa.webzsites.site/wp-content/themes/shoval-haifa/data/7/%D7%93%D7%99%D7%A8%D7%95%D7%AA/%D7%9E%D7%A9%D7%AA%D7%9B%D7%9F%207/28.pdf,https://shoval-haifa.webzsites.site/wp-content/themes/shoval-haifa/data/7/%D7%A7%D7%95%D7%9E%D7%95%D7%AA/7.pdf,https://shoval-haifa.webzsites.site/#priceListD,מבנה 7,2026-07-29,B7-A28
29,7,7,228,4-D,5.5,141.28,23.90,כן,7.37,2,מערב/דרום,"2,051,947 ₪",https://shoval-haifa.webzsites.site/wp-content/themes/shoval-haifa/data/7/%D7%93%D7%99%D7%A8%D7%95%D7%AA/%D7%9E%D7%A9%D7%AA%D7%9B%D7%9F%207/29.pdf,https://shoval-haifa.webzsites.site/wp-content/themes/shoval-haifa/data/7/%D7%A7%D7%95%D7%9E%D7%95%D7%AA/7.pdf,https://shoval-haifa.webzsites.site/#priceListD,מבנה 7,2026-07-29,B7-A29
30,7,7,228,4-E,5,125.03,18.41,כן,8.75,2,צפון/מזרח,"1,802,105 ₪",https://shoval-haifa.webzsites.site/wp-content/themes/shoval-haifa/data/7/%D7%93%D7%99%D7%A8%D7%95%D7%AA/%D7%9E%D7%A9%D7%AA%D7%9B%D7%9F%207/30.pdf,https://shoval-haifa.webzsites.site/wp-content/themes/shoval-haifa/data/7/%D7%A7%D7%95%D7%9E%D7%95%D7%AA/7.pdf,https://shoval-haifa.webzsites.site/#priceListD,מבנה 7,2026-07-29,B7-A30
31,7,7,228,4-F,3,82.83,23.91,כן,9.59,2,מזרח,"1,191,858 ₪",https://shoval-haifa.webzsites.site/wp-content/themes/shoval-haifa/data/7/%D7%93%D7%99%D7%A8%D7%95%D7%AA/%D7%9E%D7%A9%D7%AA%D7%9B%D7%9F%207/31.pdf,https://shoval-haifa.webzsites.site/wp-content/themes/shoval-haifa/data/7/%D7%A7%D7%95%D7%9E%D7%95%D7%AA/7.pdf,https://shoval-haifa.webzsites.site/#priceListD,מבנה 7,2026-07-29,B7-A31
32,7,7,228,4-G,3,83.90,23.90,כן,9.59,2,דרום/מזרח,"1,206,071 ₪",https://shoval-haifa.webzsites.site/wp-content/themes/shoval-haifa/data/7/%D7%93%D7%99%D7%A8%D7%95%D7%AA/%D7%9E%D7%A9%D7%AA%D7%9B%D7%9F%207/32.pdf,https://shoval-haifa.webzsites.site/wp-content/themes/shoval-haifa/data/7/%D7%A7%D7%95%D7%9E%D7%95%D7%AA/7.pdf,https://shoval-haifa.webzsites.site/#priceListD,מבנה 7,2026-07-29,B7-A32
33,7,8,228,4-C,5.5,144.26,23.94,כן,7.15,2,מערב/צפון,"2,101,489 ₪",https://shoval-haifa.webzsites.site/wp-content/themes/shoval-haifa/data/7/%D7%93%D7%99%D7%A8%D7%95%D7%AA/%D7%9E%D7%A9%D7%AA%D7%9B%D7%9F%207/33.pdf,https://shoval-haifa.webzsites.site/wp-content/themes/shoval-haifa/data/7/%D7%A7%D7%95%D7%9E%D7%95%D7%AA/8.pdf,https://shoval-haifa.webzsites.site/#priceListD,מבנה 7,2026-07-29,B7-A33
34,7,8,228,4-D,5.5,141.28,23.90,כן,7.20,2,מערב/דרום,"2,062,845 ₪",https://shoval-haifa.webzsites.site/wp-content/themes/shoval-haifa/data/7/%D7%93%D7%99%D7%A8%D7%95%D7%AA/%D7%9E%D7%A9%D7%AA%D7%9B%D7%9F%207/34.pdf,https://shoval-haifa.webzsites.site/wp-content/themes/shoval-haifa/data/7/%D7%A7%D7%95%D7%9E%D7%95%D7%AA/8.pdf,https://shoval-haifa.webzsites.site/#priceListD,מבנה 7,2026-07-29,B7-A34
35,7,8,228,4-E,5,125.03,18.41,כן,9.57,2,צפון/מזרח,"1,817,795 ₪",https://shoval-haifa.webzsites.site/wp-content/themes/shoval-haifa/data/7/%D7%93%D7%99%D7%A8%D7%95%D7%AA/%D7%9E%D7%A9%D7%AA%D7%9B%D7%9F%207/35.pdf,https://shoval-haifa.webzsites.site/wp-content/themes/shoval-haifa/data/7/%D7%A7%D7%95%D7%9E%D7%95%D7%AA/8.pdf,https://shoval-haifa.webzsites.site/#priceListD,מבנה 7,2026-07-29,B7-A35
36,7,8,228,4-F,3,82.83,23.91,כן,9.58,2,מזרח,"1,197,860 ₪",https://shoval-haifa.webzsites.site/wp-content/themes/shoval-haifa/data/7/%D7%93%D7%99%D7%A8%D7%95%D7%AA/%D7%9E%D7%A9%D7%AA%D7%9B%D7%9F%207/36.pdf,https://shoval-haifa.webzsites.site/wp-content/themes/shoval-haifa/data/7/%D7%A7%D7%95%D7%9E%D7%95%D7%AA/8.pdf,https://shoval-haifa.webzsites.site/#priceListD,מבנה 7,2026-07-29,B7-A36
37,7,8,228,4-G,3,83.90,23.90,כן,9.55,2,דרום/מזרח,"1,213,471 ₪",https://shoval-haifa.webzsites.site/wp-content/themes/shoval-haifa/data/7/%D7%93%D7%99%D7%A8%D7%95%D7%AA/%D7%9E%D7%A9%D7%AA%D7%9B%D7%9F%207/37.pdf,https://shoval-haifa.webzsites.site/wp-content/themes/shoval-haifa/data/7/%D7%A7%D7%95%D7%9E%D7%95%D7%AA/8.pdf,https://shoval-haifa.webzsites.site/#priceListD,מבנה 7,2026-07-29,B7-A37
38,7,9,228,4-C-2,5.5,143.86,23.94,כן,7.05,2,מערב/צפון,"2,107,772 ₪",https://shoval-haifa.webzsites.site/wp-content/themes/shoval-haifa/data/7/%D7%93%D7%99%D7%A8%D7%95%D7%AA/%D7%9E%D7%A9%D7%AA%D7%9B%D7%9F%207/38.pdf,https://shoval-haifa.webzsites.site/wp-content/themes/shoval-haifa/data/7/%D7%A7%D7%95%D7%9E%D7%95%D7%AA/9.pdf,https://shoval-haifa.webzsites.site/#priceListD,מבנה 7,2026-07-29,B7-A38
39,7,9,228,4-D,5.5,141.28,23.90,כן,7.85,2,מערב/דרום,"2,078,778 ₪",https://shoval-haifa.webzsites.site/wp-content/themes/shoval-haifa/data/7/%D7%93%D7%99%D7%A8%D7%95%D7%AA/%D7%9E%D7%A9%D7%AA%D7%9B%D7%9F%207/39.pdf,https://shoval-haifa.webzsites.site/wp-content/themes/shoval-haifa/data/7/%D7%A7%D7%95%D7%9E%D7%95%D7%AA/9.pdf,https://shoval-haifa.webzsites.site/#priceListD,מבנה 7,2026-07-29,B7-A39
40,7,9,228,4-E,5,125.03,18.41,כן,8.74,2,צפון/מזרח,"1,823,384 ₪",https://shoval-haifa.webzsites.site/wp-content/themes/shoval-haifa/data/7/%D7%93%D7%99%D7%A8%D7%95%D7%AA/%D7%9E%D7%A9%D7%AA%D7%9B%D7%9F%207/40.pdf,https://shoval-haifa.webzsites.site/wp-content/themes/shoval-haifa/data/7/%D7%A7%D7%95%D7%9E%D7%95%D7%AA/9.pdf,https://shoval-haifa.webzsites.site/#priceListD,מבנה 7,2026-07-29,B7-A40
41,7,9,228,4-F,3,82.83,23.91,כן,9.55,2,מזרח,"1,204,702 ₪",https://shoval-haifa.webzsites.site/wp-content/themes/shoval-haifa/data/7/%D7%93%D7%99%D7%A8%D7%95%D7%AA/%D7%9E%D7%A9%D7%AA%D7%9B%D7%9F%207/41.pdf,https://shoval-haifa.webzsites.site/wp-content/themes/shoval-haifa/data/7/%D7%A7%D7%95%D7%9E%D7%95%D7%AA/9.pdf,https://shoval-haifa.webzsites.site/#priceListD,מבנה 7,2026-07-29,B7-A41
42,7,9,228,4-G,3,83.90,23.90,כן,9.54,2,דרום/מזרח,"1,221,053 ₪",https://shoval-haifa.webzsites.site/wp-content/themes/shoval-haifa/data/7/%D7%93%D7%99%D7%A8%D7%95%D7%AA/%D7%9E%D7%A9%D7%AA%D7%9B%D7%9F%207/42.pdf,https://shoval-haifa.webzsites.site/wp-content/themes/shoval-haifa/data/7/%D7%A7%D7%95%D7%9E%D7%95%D7%AA/9.pdf,https://shoval-haifa.webzsites.site/#priceListD,מבנה 7,2026-07-29,B7-A42
43,7,10,228,4-C-2,5.5,143.86,23.94,כן,5.65,2,מערב/צפון,"2,111,215 ₪",https://shoval-haifa.webzsites.site/wp-content/themes/shoval-haifa/data/7/%D7%93%D7%99%D7%A8%D7%95%D7%AA/%D7%9E%D7%A9%D7%AA%D7%9B%D7%9F%207/43.pdf,https://shoval-haifa.webzsites.site/wp-content/themes/shoval-haifa/data/7/%D7%A7%D7%95%D7%9E%D7%95%D7%AA/10.pdf,https://shoval-haifa.webzsites.site/#priceListD,מבנה 7,2026-07-29,B7-A43
44,7,10,228,4-D,5.5,141.28,23.90,כן,6.50,2,מערב/דרום,"2,082,383 ₪",https://shoval-haifa.webzsites.site/wp-content/themes/shoval-haifa/data/7/%D7%93%D7%99%D7%A8%D7%95%D7%AA/%D7%9E%D7%A9%D7%AA%D7%9B%D7%9F%207/44.pdf,https://shoval-haifa.webzsites.site/wp-content/themes/shoval-haifa/data/7/%D7%A7%D7%95%D7%9E%D7%95%D7%AA/10.pdf,https://shoval-haifa.webzsites.site/#priceListD,מבנה 7,2026-07-29,B7-A44
45,7,10,228,4-E,5,125.03,18.41,כן,8.68,2,צפון/מזרח,"1,833,684 ₪",https://shoval-haifa.webzsites.site/wp-content/themes/shoval-haifa/data/7/%D7%93%D7%99%D7%A8%D7%95%D7%AA/%D7%9E%D7%A9%D7%AA%D7%9B%D7%9F%207/45.pdf,https://shoval-haifa.webzsites.site/wp-content/themes/shoval-haifa/data/7/%D7%A7%D7%95%D7%9E%D7%95%D7%AA/10.pdf,https://shoval-haifa.webzsites.site/#priceListD,מבנה 7,2026-07-29,B7-A45
46,7,10,228,4-F,3,82.83,23.91,כן,9.53,2,מזרח,"1,212,140 ₪",https://shoval-haifa.webzsites.site/wp-content/themes/shoval-haifa/data/7/%D7%93%D7%99%D7%A8%D7%95%D7%AA/%D7%9E%D7%A9%D7%AA%D7%9B%D7%9F%207/46.pdf,https://shoval-haifa.webzsites.site/wp-content/themes/shoval-haifa/data/7/%D7%A7%D7%95%D7%9E%D7%95%D7%AA/10.pdf,https://shoval-haifa.webzsites.site/#priceListD,מבנה 7,2026-07-29,B7-A46
47,7,10,228,4-G,3,83.90,23.90,כן,9.50,2,דרום/מזרח,"1,228,449 ₪",https://shoval-haifa.webzsites.site/wp-content/themes/shoval-haifa/data/7/%D7%93%D7%99%D7%A8%D7%95%D7%AA/%D7%9E%D7%A9%D7%AA%D7%9B%D7%9F%207/47.pdf,https://shoval-haifa.webzsites.site/wp-content/themes/shoval-haifa/data/7/%D7%A7%D7%95%D7%9E%D7%95%D7%AA/10.pdf,https://shoval-haifa.webzsites.site/#priceListD,מבנה 7,2026-07-29,B7-A47
48,7,11,228,4-C,5.5,144.26,23.94,כן,6.12,2,מערב/צפון,"2,119,377 ₪",https://shoval-haifa.webzsites.site/wp-content/themes/shoval-haifa/data/7/%D7%93%D7%99%D7%A8%D7%95%D7%AA/%D7%9E%D7%A9%D7%AA%D7%9B%D7%9F%207/48.pdf,https://shoval-haifa.webzsites.site/wp-content/themes/shoval-haifa/data/7/%D7%A7%D7%95%D7%9E%D7%95%D7%AA/11.pdf,https://shoval-haifa.webzsites.site/#priceListD,מבנה 7,2026-07-29,B7-A48
49,7,11,228,4-D,5.5,141.28,23.90,כן,6.63,2,מערב/דרום,"2,083,187 ₪",https://shoval-haifa.webzsites.site/wp-content/themes/shoval-haifa/data/7/%D7%93%D7%99%D7%A8%D7%95%D7%AA/%D7%9E%D7%A9%D7%AA%D7%9B%D7%9F%207/49.pdf,https://shoval-haifa.webzsites.site/wp-content/themes/shoval-haifa/data/7/%D7%A7%D7%95%D7%9E%D7%95%D7%AA/11.pdf,https://shoval-haifa.webzsites.site/#priceListD,מבנה 7,2026-07-29,B7-A49
50,7,11,228,4-E,5,125.03,18.41,כן,8.65,2,צפון/מזרח,"1,833,498 ₪",https://shoval-haifa.webzsites.site/wp-content/themes/shoval-haifa/data/7/%D7%93%D7%99%D7%A8%D7%95%D7%AA/%D7%9E%D7%A9%D7%AA%D7%9B%D7%9F%207/50.pdf,https://shoval-haifa.webzsites.site/wp-content/themes/shoval-haifa/data/7/%D7%A7%D7%95%D7%9E%D7%95%D7%AA/11.pdf,https://shoval-haifa.webzsites.site/#priceListD,מבנה 7,2026-07-29,B7-A50
51,7,11,228,4-F,3,82.83,23.91,כן,9.48,2,מזרח,"1,211,831 ₪",https://shoval-haifa.webzsites.site/wp-content/themes/shoval-haifa/data/7/%D7%93%D7%99%D7%A8%D7%95%D7%AA/%D7%9E%D7%A9%D7%AA%D7%9B%D7%9F%207/51.pdf,https://shoval-haifa.webzsites.site/wp-content/themes/shoval-haifa/data/7/%D7%A7%D7%95%D7%9E%D7%95%D7%AA/11.pdf,https://shoval-haifa.webzsites.site/#priceListD,מבנה 7,2026-07-29,B7-A51
52,7,11,228,4-G,3,83.90,23.90,כן,9.48,2,דרום/מזרח,"1,228,325 ₪",https://shoval-haifa.webzsites.site/wp-content/themes/shoval-haifa/data/7/%D7%93%D7%99%D7%A8%D7%95%D7%AA/%D7%9E%D7%A9%D7%AA%D7%9B%D7%9F%207/52.pdf,https://shoval-haifa.webzsites.site/wp-content/themes/shoval-haifa/data/7/%D7%A7%D7%95%D7%9E%D7%95%D7%AA/11.pdf,https://shoval-haifa.webzsites.site/#priceListD,מבנה 7,2026-07-29,B7-A52
53,7,12,228,4-C,5.5,144.26,23.94,לא,10.00,2,מערב/צפון,,,https://shoval-haifa.webzsites.site/wp-content/themes/shoval-haifa/data/7/%D7%A7%D7%95%D7%9E%D7%95%D7%AA/12.pdf,https://shoval-haifa.webzsites.site/#priceListD,מבנה 7,2026-07-29,B7-A53
54,7,12,228,4-D-2,5.5,141.04,23.90,כן,10.04,2,מערב/דרום,"2,113,125 ₪",https://shoval-haifa.webzsites.site/wp-content/themes/shoval-haifa/data/7/%D7%93%D7%99%D7%A8%D7%95%D7%AA/%D7%9E%D7%A9%D7%AA%D7%9B%D7%9F%207/54.pdf,https://shoval-haifa.webzsites.site/wp-content/themes/shoval-haifa/data/7/%D7%A7%D7%95%D7%9E%D7%95%D7%AA/12.pdf,https://shoval-haifa.webzsites.site/#priceListD,מבנה 7,2026-07-29,B7-A54
55,7,12,228,4-E,5,125.03,18.41,כן,8.64,2,צפון/מזרח,"1,844,104 ₪",https://shoval-haifa.webzsites.site/wp-content/themes/shoval-haifa/data/7/%D7%93%D7%99%D7%A8%D7%95%D7%AA/%D7%9E%D7%A9%D7%AA%D7%9B%D7%9F%207/55.pdf,https://shoval-haifa.webzsites.site/wp-content/themes/shoval-haifa/data/7/%D7%A7%D7%95%D7%9E%D7%95%D7%AA/12.pdf,https://shoval-haifa.webzsites.site/#priceListD,מבנה 7,2026-07-29,B7-A55
56,7,12,228,4-F,3,82.83,23.91,כן,9.35,2,מזרח,"1,218,582 ₪",https://shoval-haifa.webzsites.site/wp-content/themes/shoval-haifa/data/7/%D7%93%D7%99%D7%A8%D7%95%D7%AA/%D7%9E%D7%A9%D7%AA%D7%9B%D7%9F%207/56.pdf,https://shoval-haifa.webzsites.site/wp-content/themes/shoval-haifa/data/7/%D7%A7%D7%95%D7%9E%D7%95%D7%AA/12.pdf,https://shoval-haifa.webzsites.site/#priceListD,מבנה 7,2026-07-29,B7-A56
57,7,12,228,4-G,3,83.90,23.90,כן,9.35,2,דרום/מזרח,"1,235,159 ₪",https://shoval-haifa.webzsites.site/wp-content/themes/shoval-haifa/data/7/%D7%93%D7%99%D7%A8%D7%95%D7%AA/%D7%9E%D7%A9%D7%AA%D7%9B%D7%9F%207/57.pdf,https://shoval-haifa.webzsites.site/wp-content/themes/shoval-haifa/data/7/%D7%A7%D7%95%D7%9E%D7%95%D7%AA/12.pdf,https://shoval-haifa.webzsites.site/#priceListD,מבנה 7,2026-07-29,B7-A57
58,7,13,228,4-N,5.5,142.42,23.94,לא,9.94,2,מערב/צפון,,,https://shoval-haifa.webzsites.site/wp-content/themes/shoval-haifa/data/7/%D7%A7%D7%95%D7%9E%D7%95%D7%AA/13.pdf,https://shoval-haifa.webzsites.site/#priceListD,מבנה 7,2026-07-29,B7-A58
59,7,13,228,4-O,5.5,139.78,23.90,כן,10.14,2,מערב/דרום,"2,109,033 ₪",https://shoval-haifa.webzsites.site/wp-content/themes/shoval-haifa/data/7/%D7%93%D7%99%D7%A8%D7%95%D7%AA/%D7%9E%D7%A9%D7%AA%D7%9B%D7%9F%207/59.pdf,https://shoval-haifa.webzsites.site/wp-content/themes/shoval-haifa/data/7/%D7%A7%D7%95%D7%9E%D7%95%D7%AA/13.pdf,https://shoval-haifa.webzsites.site/#priceListD,מבנה 7,2026-07-29,B7-A59
60,7,13,228,4-E,5,125.03,18.41,כן,8.59,2,צפון/מזרח,"1,854,458 ₪",https://shoval-haifa.webzsites.site/wp-content/themes/shoval-haifa/data/7/%D7%93%D7%99%D7%A8%D7%95%D7%AA/%D7%9E%D7%A9%D7%AA%D7%9B%D7%9F%207/60.pdf,https://shoval-haifa.webzsites.site/wp-content/themes/shoval-haifa/data/7/%D7%A7%D7%95%D7%9E%D7%95%D7%AA/13.pdf,https://shoval-haifa.webzsites.site/#priceListD,מבנה 7,2026-07-29,B7-A60
61,7,13,228,4-F,3,82.83,23.91,כן,9.34,2,מזרח,"1,226,074 ₪",https://shoval-haifa.webzsites.site/wp-content/themes/shoval-haifa/data/7/%D7%93%D7%99%D7%A8%D7%95%D7%AA/%D7%9E%D7%A9%D7%AA%D7%9B%D7%9F%207/61.pdf,https://shoval-haifa.webzsites.site/wp-content/themes/shoval-haifa/data/7/%D7%A7%D7%95%D7%9E%D7%95%D7%AA/13.pdf,https://shoval-haifa.webzsites.site/#priceListD,מבנה 7,2026-07-29,B7-A61
62,7,13,228,4-G,3,83.90,23.90,כן,9.28,2,דרום/מזרח,"1,242,360 ₪",https://shoval-haifa.webzsites.site/wp-content/themes/shoval-haifa/data/7/%D7%93%D7%99%D7%A8%D7%95%D7%AA/%D7%9E%D7%A9%D7%AA%D7%9B%D7%9F%207/62.pdf,https://shoval-haifa.webzsites.site/wp-content/themes/shoval-haifa/data/7/%D7%A7%D7%95%D7%9E%D7%95%D7%AA/13.pdf,https://shoval-haifa.webzsites.site/#priceListD,מבנה 7,2026-07-29,B7-A62
63,7,14,228,4-N,5.5,142.42,23.94,לא,9.88,2,מערב/צפון,,,https://shoval-haifa.webzsites.site/wp-content/themes/shoval-haifa/data/7/%D7%A7%D7%95%D7%9E%D7%95%D7%AA/14.pdf,https://shoval-haifa.webzsites.site/#priceListD,מבנה 7,2026-07-29,B7-A63
64,7,14,228,4-O,5.5,139.78,23.90,לא,10.72,2,מערב/דרום,,,https://shoval-haifa.webzsites.site/wp-content/themes/shoval-haifa/data/7/%D7%A7%D7%95%D7%9E%D7%95%D7%AA/14.pdf,https://shoval-haifa.webzsites.site/#priceListD,מבנה 7,2026-07-29,B7-A64
65,7,14,228,4-E,5,125.03,18.41,כן,8.58,2,צפון/מזרח,"1,865,061 ₪",https://shoval-haifa.webzsites.site/wp-content/themes/shoval-haifa/data/7/%D7%93%D7%99%D7%A8%D7%95%D7%AA/%D7%9E%D7%A9%D7%AA%D7%9B%D7%9F%207/65.pdf,https://shoval-haifa.webzsites.site/wp-content/themes/shoval-haifa/data/7/%D7%A7%D7%95%D7%9E%D7%95%D7%AA/14.pdf,https://shoval-haifa.webzsites.site/#priceListD,מבנה 7,2026-07-29,B7-A65
66,7,14,228,4-F,3,82.83,23.91,כן,9.26,2,מזרח,"1,233,127 ₪",https://shoval-haifa.webzsites.site/wp-content/themes/shoval-haifa/data/7/%D7%93%D7%99%D7%A8%D7%95%D7%AA/%D7%9E%D7%A9%D7%AA%D7%9B%D7%9F%207/66.pdf,https://shoval-haifa.webzsites.site/wp-content/themes/shoval-haifa/data/7/%D7%A7%D7%95%D7%9E%D7%95%D7%AA/14.pdf,https://shoval-haifa.webzsites.site/#priceListD,מבנה 7,2026-07-29,B7-A66
67,7,14,228,4-G,3,83.90,23.90,כן,9.23,2,דרום/מזרח,"1,249,681 ₪",https://shoval-haifa.webzsites.site/wp-content/themes/shoval-haifa/data/7/%D7%93%D7%99%D7%A8%D7%95%D7%AA/%D7%9E%D7%A9%D7%AA%D7%9B%D7%9F%207/67.pdf,https://shoval-haifa.webzsites.site/wp-content/themes/shoval-haifa/data/7/%D7%A7%D7%95%D7%9E%D7%95%D7%AA/14.pdf,https://shoval-haifa.webzsites.site/#priceListD,מבנה 7,2026-07-29,B7-A67
68,7,15,228,4-N,5.5,142.42,23.94,לא,9.88,2,מערב/צפון,,,https://shoval-haifa.webzsites.site/wp-content/themes/shoval-haifa/data/7/%D7%A7%D7%95%D7%9E%D7%95%D7%AA/15.pdf,https://shoval-haifa.webzsites.site/#priceListD,מבנה 7,2026-07-29,B7-A68
69,7,15,228,4-O,5.5,139.78,23.90,לא,10.06,2,מערב/דרום,,,https://shoval-haifa.webzsites.site/wp-content/themes/shoval-haifa/data/7/%D7%A7%D7%95%D7%9E%D7%95%D7%AA/15.pdf,https://shoval-haifa.webzsites.site/#priceListD,מבנה 7,2026-07-29,B7-A69
70,7,15,228,4-E,5,125.03,18.41,כן,8.37,2,צפון/מזרח,"1,874,402 ₪",https://shoval-haifa.webzsites.site/wp-content/themes/shoval-haifa/data/7/%D7%93%D7%99%D7%A8%D7%95%D7%AA/%D7%9E%D7%A9%D7%AA%D7%9B%D7%9F%207/70.pdf,https://shoval-haifa.webzsites.site/wp-content/themes/shoval-haifa/data/7/%D7%A7%D7%95%D7%9E%D7%95%D7%AA/15.pdf,https://shoval-haifa.webzsites.site/#priceListD,מבנה 7,2026-07-29,B7-A70
71,7,15,228,4-F,3,82.83,23.91,כן,9.23,2,מזרח,"1,240,490 ₪",https://shoval-haifa.webzsites.site/wp-content/themes/shoval-haifa/data/7/%D7%93%D7%99%D7%A8%D7%95%D7%AA/%D7%9E%D7%A9%D7%AA%D7%9B%D7%9F%207/71.pdf,https://shoval-haifa.webzsites.site/wp-content/themes/shoval-haifa/data/7/%D7%A7%D7%95%D7%9E%D7%95%D7%AA/15.pdf,https://shoval-haifa.webzsites.site/#priceListD,מבנה 7,2026-07-29,B7-A71
72,7,15,228,4-G,3,83.90,23.90,כן,9.18,2,דרום/מזרח,"1,257,000 ₪",https://shoval-haifa.webzsites.site/wp-content/themes/shoval-haifa/data/7/%D7%93%D7%99%D7%A8%D7%95%D7%AA/%D7%9E%D7%A9%D7%AA%D7%9B%D7%9F%207/72.pdf,https://shoval-haifa.webzsites.site/wp-content/themes/shoval-haifa/data/7/%D7%A7%D7%95%D7%9E%D7%95%D7%AA/15.pdf,https://shoval-haifa.webzsites.site/#priceListD,מבנה 7,2026-07-29,B7-A72
73,7,16,228,4-N,5.5,142.42,23.94,לא,9.87,2,מערב/צפון,,,https://shoval-haifa.webzsites.site/wp-content/themes/shoval-haifa/data/7/%D7%A7%D7%95%D7%9E%D7%95%D7%AA/16.pdf,https://shoval-haifa.webzsites.site/#priceListD,מבנה 7,2026-07-29,B7-A73
74,7,16,228,4-O,5.5,139.78,23.90,לא,10.05,2,מערב/דרום,,,https://shoval-haifa.webzsites.site/wp-content/themes/shoval-haifa/data/7/%D7%A7%D7%95%D7%9E%D7%95%D7%AA/16.pdf,https://shoval-haifa.webzsites.site/#priceListD,מבנה 7,2026-07-29,B7-A74
75,7,16,228,4-E,5,125.03,18.41,כן,8.33,2,צפון/מזרח,"1,884,807 ₪",https://shoval-haifa.webzsites.site/wp-content/themes/shoval-haifa/data/7/%D7%93%D7%99%D7%A8%D7%95%D7%AA/%D7%9E%D7%A9%D7%AA%D7%9B%D7%9F%207/75.pdf,https://shoval-haifa.webzsites.site/wp-content/themes/shoval-haifa/data/7/%D7%A7%D7%95%D7%9E%D7%95%D7%AA/16.pdf,https://shoval-haifa.webzsites.site/#priceListD,מבנה 7,2026-07-29,B7-A75
76,7,16,228,4-F,3,82.83,23.91,כן,9.16,2,מזרח,"1,247,598 ₪",https://shoval-haifa.webzsites.site/wp-content/themes/shoval-haifa/data/7/%D7%93%D7%99%D7%A8%D7%95%D7%AA/%D7%9E%D7%A9%D7%AA%D7%9B%D7%9F%207/76.pdf,https://shoval-haifa.webzsites.site/wp-content/themes/shoval-haifa/data/7/%D7%A7%D7%95%D7%9E%D7%95%D7%AA/16.pdf,https://shoval-haifa.webzsites.site/#priceListD,מבנה 7,2026-07-29,B7-A76
77,7,16,228,4-G,3,83.90,23.90,כן,9.12,2,דרום/מזרח,"1,264,252 ₪",https://shoval-haifa.webzsites.site/wp-content/themes/shoval-haifa/data/7/%D7%93%D7%99%D7%A8%D7%95%D7%AA/%D7%9E%D7%A9%D7%AA%D7%9B%D7%9F%207/77.pdf,https://shoval-haifa.webzsites.site/wp-content/themes/shoval-haifa/data/7/%D7%A7%D7%95%D7%9E%D7%95%D7%AA/16.pdf,https://shoval-haifa.webzsites.site/#priceListD,מבנה 7,2026-07-29,B7-A77
78,7,17,228,4-N,5.5,142.42,23.94,לא,9.85,2,מערב/צפון,,,https://shoval-haifa.webzsites.site/wp-content/themes/shoval-haifa/data/7/%D7%A7%D7%95%D7%9E%D7%95%D7%AA/17.pdf,https://shoval-haifa.webzsites.site/#priceListD,מבנה 7,2026-07-29,B7-A78
79,7,17,228,4-O,5.5,139.78,23.90,לא,9.91,2,מערב/דרום,,,https://shoval-haifa.webzsites.site/wp-content/themes/shoval-haifa/data/7/%D7%A7%D7%95%D7%9E%D7%95%D7%AA/17.pdf,https://shoval-haifa.webzsites.site/#priceListD,מבנה 7,2026-07-29,B7-A79
80,7,17,228,4-E,5,125.03,18.41,כן,8.27,2,צפון/מזרח,"1,895,083 ₪",https://shoval-haifa.webzsites.site/wp-content/themes/shoval-haifa/data/7/%D7%93%D7%99%D7%A8%D7%95%D7%AA/%D7%9E%D7%A9%D7%AA%D7%9B%D7%9F%207/80.pdf,https://shoval-haifa.webzsites.site/wp-content/themes/shoval-haifa/data/7/%D7%A7%D7%95%D7%9E%D7%95%D7%AA/17.pdf,https://shoval-haifa.webzsites.site/#priceListD,מבנה 7,2026-07-29,B7-A80
81,7,17,228,4-F,3,82.83,23.91,כן,9.01,2,מזרח,"1,254,192 ₪",https://shoval-haifa.webzsites.site/wp-content/themes/shoval-haifa/data/7/%D7%93%D7%99%D7%A8%D7%95%D7%AA/%D7%9E%D7%A9%D7%AA%D7%9B%D7%9F%207/81.pdf,https://shoval-haifa.webzsites.site/wp-content/themes/shoval-haifa/data/7/%D7%A7%D7%95%D7%9E%D7%95%D7%AA/17.pdf,https://shoval-haifa.webzsites.site/#priceListD,מבנה 7,2026-07-29,B7-A81
82,7,17,228,4-G,3,83.90,23.90,כן,9.00,2,דרום/מזרח,"1,271,118 ₪",https://shoval-haifa.webzsites.site/wp-content/themes/shoval-haifa/data/7/%D7%93%D7%99%D7%A8%D7%95%D7%AA/%D7%9E%D7%A9%D7%AA%D7%9B%D7%9F%207/82.pdf,https://shoval-haifa.webzsites.site/wp-content/themes/shoval-haifa/data/7/%D7%A7%D7%95%D7%9E%D7%95%D7%AA/17.pdf,https://shoval-haifa.webzsites.site/#priceListD,מבנה 7,2026-07-29,B7-A82
83,7,18,228,4-N,5.5,142.42,23.94,לא,9.85,2,מערב/צפון,,,https://shoval-haifa.webzsites.site/wp-content/themes/shoval-haifa/data/7/%D7%A7%D7%95%D7%9E%D7%95%D7%AA/18.pdf,https://shoval-haifa.webzsites.site/#priceListD,מבנה 7,2026-07-29,B7-A83
84,7,18,228,4-O,5.5,139.78,23.90,לא,9.89,2,מערב/דרום,,,https://shoval-haifa.webzsites.site/wp-content/themes/shoval-haifa/data/7/%D7%A7%D7%95%D7%9E%D7%95%D7%AA/18.pdf,https://shoval-haifa.webzsites.site/#priceListD,מבנה 7,2026-07-29,B7-A84
85,7,18,228,4-E-1,5,125.03,18.41,כן,8.22,2,צפון/מזרח,"1,905,419 ₪",https://shoval-haifa.webzsites.site/wp-content/themes/shoval-haifa/data/7/%D7%93%D7%99%D7%A8%D7%95%D7%AA/%D7%9E%D7%A9%D7%AA%D7%9B%D7%9F%207/85.pdf,https://shoval-haifa.webzsites.site/wp-content/themes/shoval-haifa/data/7/%D7%A7%D7%95%D7%9E%D7%95%D7%AA/18.pdf,https://shoval-haifa.webzsites.site/#priceListD,מבנה 7,2026-07-29,B7-A85
86,7,18,228,4-F,3,82.83,23.91,כן,8.99,2,מזרח,"1,261,609 ₪",https://shoval-haifa.webzsites.site/wp-content/themes/shoval-haifa/data/7/%D7%93%D7%99%D7%A8%D7%95%D7%AA/%D7%9E%D7%A9%D7%AA%D7%9B%D7%9F%207/86.pdf,https://shoval-haifa.webzsites.site/wp-content/themes/shoval-haifa/data/7/%D7%A7%D7%95%D7%9E%D7%95%D7%AA/18.pdf,https://shoval-haifa.webzsites.site/#priceListD,מבנה 7,2026-07-29,B7-A86
87,7,18,228,4-G-1,3,83.90,23.90,כן,8.95,2,דרום/מזרח,"1,278,425 ₪",https://shoval-haifa.webzsites.site/wp-content/themes/shoval-haifa/data/7/%D7%93%D7%99%D7%A8%D7%95%D7%AA/%D7%9E%D7%A9%D7%AA%D7%9B%D7%9F%207/87.pdf,https://shoval-haifa.webzsites.site/wp-content/themes/shoval-haifa/data/7/%D7%A7%D7%95%D7%9E%D7%95%D7%AA/18.pdf,https://shoval-haifa.webzsites.site/#priceListD,מבנה 7,2026-07-29,B7-A87
88,7,19,228,4-H,6,186.47,97.36,לא,9.04,2,מערב/צפון/מזרח,,,https://shoval-haifa.webzsites.site/wp-content/themes/shoval-haifa/data/7/%D7%A7%D7%95%D7%9E%D7%95%D7%AA/19.pdf,https://shoval-haifa.webzsites.site/#priceListD,מבנה 7,2026-07-29,B7-A88
89,7,19,228,4-I,5,182.68,88.89,לא,5.47,2,מערב/דרום/מזרח,,,https://shoval-haifa.webzsites.site/wp-content/themes/shoval-haifa/data/7/%D7%A7%D7%95%D7%9E%D7%95%D7%AA/19.pdf,https://shoval-haifa.webzsites.site/#priceListD,מבנה 7,2026-07-29,B7-A89
90,7,19,228,4-F,3,82.83,23.91,כן,5.44,2,מזרח,"1,246,322 ₪",https://shoval-haifa.webzsites.site/wp-content/themes/shoval-haifa/data/7/%D7%93%D7%99%D7%A8%D7%95%D7%AA/%D7%9E%D7%A9%D7%AA%D7%9B%D7%9F%207/90.pdf,https://shoval-haifa.webzsites.site/wp-content/themes/shoval-haifa/data/7/%D7%A7%D7%95%D7%9E%D7%95%D7%AA/19.pdf,https://shoval-haifa.webzsites.site/#priceListD,מבנה 7,2026-07-29,B7-A90
91,7,20,228,4-K,6,188.18,85.12,לא,7.18,2,מערב/צפון/מזרח/דרום,,,https://shoval-haifa.webzsites.site/wp-content/themes/shoval-haifa/data/7/%D7%A7%D7%95%D7%9E%D7%95%D7%AA/20.pdf,https://shoval-haifa.webzsites.site/#priceListD,מבנה 7,2026-07-29,B7-A91
92,7,20,228,4-L,5,170.66,67.14,לא,9.82,2,צפון/מערב/דרום/מזרח,,,https://shoval-haifa.webzsites.site/wp-content/themes/shoval-haifa/data/7/%D7%A7%D7%95%D7%9E%D7%95%D7%AA/20.pdf,https://shoval-haifa.webzsites.site/#priceListD,מבנה 7,2026-07-29,B7-A92
93,7,21,228,4-M,6,208.71,176.26,לא,9.79,2,מערב/צפון/דרום/מזרח,,,https://shoval-haifa.webzsites.site/wp-content/themes/shoval-haifa/data/7/%D7%A7%D7%95%D7%9E%D7%95%D7%AA/21.pdf,https://shoval-haifa.webzsites.site/#priceListD,מבנה 7,2026-07-29,B7-A93
1,8,קרקע,229,2-I,5,142.98,188.99,לא,9.36,2,צפון/מערב/דרום,,,https://shoval-haifa.webzsites.site/wp-content/themes/shoval-haifa/data/8/%D7%A7%D7%95%D7%9E%D7%95%D7%AA/0.pdf,https://shoval-haifa.webzsites.site/#priceListD,מבנה 8,2026-07-29,B8-A1
2,8,קרקע,229,2-K,5,141.12,213.34,לא,9.57,2,מזרח/דרום/מערב,,,https://shoval-haifa.webzsites.site/wp-content/themes/shoval-haifa/data/8/%D7%A7%D7%95%D7%9E%D7%95%D7%AA/0.pdf,https://shoval-haifa.webzsites.site/#priceListD,מבנה 8,2026-07-29,B8-A2
3,8,1,229,2-C,5,125.84,21.46,כן,7.68,2,צפון/מערב/דרום,"1,852,289 ₪",https://shoval-haifa.webzsites.site/wp-content/themes/shoval-haifa/data/8/%D7%93%D7%99%D7%A8%D7%95%D7%AA/%D7%9E%D7%A9%D7%AA%D7%9B%D7%9F%208/3.pdf,https://shoval-haifa.webzsites.site/wp-content/themes/shoval-haifa/data/8/%D7%A7%D7%95%D7%9E%D7%95%D7%AA/1.pdf,https://shoval-haifa.webzsites.site/#priceListD,מבנה 8,2026-07-29,B8-A3
4,8,1,229,2-D,5,125.85,21.27,כן,6.52,2,מזרח/דרום/מערב,"1,844,366 ₪",https://shoval-haifa.webzsites.site/wp-content/themes/shoval-haifa/data/8/%D7%93%D7%99%D7%A8%D7%95%D7%AA/%D7%9E%D7%A9%D7%AA%D7%9B%D7%9F%208/4.pdf,https://shoval-haifa.webzsites.site/wp-content/themes/shoval-haifa/data/8/%D7%A7%D7%95%D7%9E%D7%95%D7%AA/1.pdf,https://shoval-haifa.webzsites.site/#priceListD,מבנה 8,2026-07-29,B8-A4
5,8,1,229,2-E,3,80.00,17.98,כן,5.26,2,מזרח/צפון,"1,131,587 ₪",https://shoval-haifa.webzsites.site/wp-content/themes/shoval-haifa/data/8/%D7%93%D7%99%D7%A8%D7%95%D7%AA/%D7%9E%D7%A9%D7%AA%D7%9B%D7%9F%208/5.pdf,https://shoval-haifa.webzsites.site/wp-content/themes/shoval-haifa/data/8/%D7%A7%D7%95%D7%9E%D7%95%D7%AA/1.pdf,https://shoval-haifa.webzsites.site/#priceListD,מבנה 8,2026-07-29,B8-A5
6,8,2,229,2-C,5,125.84,21.46,כן,8.24,2,צפון/מערב/דרום,"1,855,752 ₪",https://shoval-haifa.webzsites.site/wp-content/themes/shoval-haifa/data/8/%D7%93%D7%99%D7%A8%D7%95%D7%AA/%D7%9E%D7%A9%D7%AA%D7%9B%D7%9F%208/6.pdf,https://shoval-haifa.webzsites.site/wp-content/themes/shoval-haifa/data/8/%D7%A7%D7%95%D7%9E%D7%95%D7%AA/2.pdf,https://shoval-haifa.webzsites.site/#priceListD,מבנה 8,2026-07-29,B8-A6
7,8,2,229,2-D,5,125.85,21.27,כן,8.25,2,מזרח/דרום/מערב,"1,855,064 ₪",https://shoval-haifa.webzsites.site/wp-content/themes/shoval-haifa/data/8/%D7%93%D7%99%D7%A8%D7%95%D7%AA/%D7%9E%D7%A9%D7%AA%D7%9B%D7%9F%208/7.pdf,https://shoval-haifa.webzsites.site/wp-content/themes/shoval-haifa/data/8/%D7%A7%D7%95%D7%9E%D7%95%D7%AA/2.pdf,https://shoval-haifa.webzsites.site/#priceListD,מבנה 8,2026-07-29,B8-A7
8,8,2,229,2-E,3,80.00,17.98,כן,5.26,2,מזרח/צפון,"1,131,587 ₪",https://shoval-haifa.webzsites.site/wp-content/themes/shoval-haifa/data/8/%D7%93%D7%99%D7%A8%D7%95%D7%AA/%D7%9E%D7%A9%D7%AA%D7%9B%D7%9F%208/8.pdf,https://shoval-haifa.webzsites.site/wp-content/themes/shoval-haifa/data/8/%D7%A7%D7%95%D7%9E%D7%95%D7%AA/2.pdf,https://shoval-haifa.webzsites.site/#priceListD,מבנה 8,2026-07-29,B8-A8
9,8,3,229,2-C,5,125.84,21.46,כן,8.27,2,צפון/מערב/דרום,"1,855,937 ₪",https://shoval-haifa.webzsites.site/wp-content/themes/shoval-haifa/data/8/%D7%93%D7%99%D7%A8%D7%95%D7%AA/%D7%9E%D7%A9%D7%AA%D7%9B%D7%9F%208/9.pdf,https://shoval-haifa.webzsites.site/wp-content/themes/shoval-haifa/data/8/%D7%A7%D7%95%D7%9E%D7%95%D7%AA/3.pdf,https://shoval-haifa.webzsites.site/#priceListD,מבנה 8,2026-07-29,B8-A9
10,8,3,229,2-D,5,125.85,21.27,כן,8.27,2,מזרח/דרום/מערב,"1,855,187 ₪",https://shoval-haifa.webzsites.site/wp-content/themes/shoval-haifa/data/8/%D7%93%D7%99%D7%A8%D7%95%D7%AA/%D7%9E%D7%A9%D7%AA%D7%9B%D7%9F%208/10.pdf,https://shoval-haifa.webzsites.site/wp-content/themes/shoval-haifa/data/8/%D7%A7%D7%95%D7%9E%D7%95%D7%AA/3.pdf,https://shoval-haifa.webzsites.site/#priceListD,מבנה 8,2026-07-29,B8-A10
11,8,3,229,2-E,3,80.00,17.98,כן,5.39,2,מזרח/צפון,"1,132,230 ₪",https://shoval-haifa.webzsites.site/wp-content/themes/shoval-haifa/data/8/%D7%93%D7%99%D7%A8%D7%95%D7%AA/%D7%9E%D7%A9%D7%AA%D7%9B%D7%9F%208/11.pdf,https://shoval-haifa.webzsites.site/wp-content/themes/shoval-haifa/data/8/%D7%A7%D7%95%D7%9E%D7%95%D7%AA/3.pdf,https://shoval-haifa.webzsites.site/#priceListD,מבנה 8,2026-07-29,B8-A11
12,8,4,229,2-C,5,125.84,21.46,כן,8.68,2,צפון/מערב/דרום,"1,858,473 ₪",https://shoval-haifa.webzsites.site/wp-content/themes/shoval-haifa/data/8/%D7%93%D7%99%D7%A8%D7%95%D7%AA/%D7%9E%D7%A9%D7%AA%D7%9B%D7%9F%208/12.pdf,https://shoval-haifa.webzsites.site/wp-content/themes/shoval-haifa/data/8/%D7%A7%D7%95%D7%9E%D7%95%D7%AA/4.pdf,https://shoval-haifa.webzsites.site/#priceListD,מבנה 8,2026-07-29,B8-A12
13,8,4,229,2-D,5,125.85,21.27,כן,8.46,2,מזרח/דרום/מערב,"1,856,362 ₪",https://shoval-haifa.webzsites.site/wp-content/themes/shoval-haifa/data/8/%D7%93%D7%99%D7%A8%D7%95%D7%AA/%D7%9E%D7%A9%D7%AA%D7%9B%D7%9F%208/13.pdf,https://shoval-haifa.webzsites.site/wp-content/themes/shoval-haifa/data/8/%D7%A7%D7%95%D7%9E%D7%95%D7%AA/4.pdf,https://shoval-haifa.webzsites.site/#priceListD,מבנה 8,2026-07-29,B8-A13
14,8,4,229,2-E,3,80.00,17.98,כן,7.03,2,מזרח/צפון,"1,140,343 ₪",https://shoval-haifa.webzsites.site/wp-content/themes/shoval-haifa/data/8/%D7%93%D7%99%D7%A8%D7%95%D7%AA/%D7%9E%D7%A9%D7%AA%D7%9B%D7%9F%208/14.pdf,https://shoval-haifa.webzsites.site/wp-content/themes/shoval-haifa/data/8/%D7%A7%D7%95%D7%9E%D7%95%D7%AA/4.pdf,https://shoval-haifa.webzsites.site/#priceListD,מבנה 8,2026-07-29,B8-A14
15,8,5,229,2-C-1,5,125.84,21.46,כן,8.86,2,צפון/מערב/דרום,"1,859,586 ₪",https://shoval-haifa.webzsites.site/wp-content/themes/shoval-haifa/data/8/%D7%93%D7%99%D7%A8%D7%95%D7%AA/%D7%9E%D7%A9%D7%AA%D7%9B%D7%9F%208/15.pdf,https://shoval-haifa.webzsites.site/wp-content/themes/shoval-haifa/data/8/%D7%A7%D7%95%D7%9E%D7%95%D7%AA/5.pdf,https://shoval-haifa.webzsites.site/#priceListD,מבנה 8,2026-07-29,B8-A15
16,8,5,229,2-D-1,5,125.85,21.27,כן,8.94,2,מזרח/דרום/מערב,"1,859,331 ₪",https://shoval-haifa.webzsites.site/wp-content/themes/shoval-haifa/data/8/%D7%93%D7%99%D7%A8%D7%95%D7%AA/%D7%9E%D7%A9%D7%AA%D7%9B%D7%9F%208/16.pdf,https://shoval-haifa.webzsites.site/wp-content/themes/shoval-haifa/data/8/%D7%A7%D7%95%D7%9E%D7%95%D7%AA/5.pdf,https://shoval-haifa.webzsites.site/#priceListD,מבנה 8,2026-07-29,B8-A16
17,8,5,229,2-E-1,3,80.00,17.98,כן,7.59,2,מזרח/צפון,"1,143,114 ₪",https://shoval-haifa.webzsites.site/wp-content/themes/shoval-haifa/data/8/%D7%93%D7%99%D7%A8%D7%95%D7%AA/%D7%9E%D7%A9%D7%AA%D7%9B%D7%9F%208/17.pdf,https://shoval-haifa.webzsites.site/wp-content/themes/shoval-haifa/data/8/%D7%A7%D7%95%D7%9E%D7%95%D7%AA/5.pdf,https://shoval-haifa.webzsites.site/#priceListD,מבנה 8,2026-07-29,B8-A17
18,8,6,229,2-F,5,144.62,39.14,לא,9.13,2,מזרח/צפון/מערב/דרום,,,https://shoval-haifa.webzsites.site/wp-content/themes/shoval-haifa/data/8/%D7%A7%D7%95%D7%9E%D7%95%D7%AA/6.pdf,https://shoval-haifa.webzsites.site/#priceListD,מבנה 8,2026-07-29,B8-A18
19,8,6,229,2-G,5,142.20,39.50,לא,9.15,2,צפון/מערב/דרום/מזרח,,,https://shoval-haifa.webzsites.site/wp-content/themes/shoval-haifa/data/8/%D7%A7%D7%95%D7%9E%D7%95%D7%AA/6.pdf,https://shoval-haifa.webzsites.site/#priceListD,מבנה 8,2026-07-29,B8-A19
20,8,7,229,2-H,6,176.63,115.44,לא,9.00,2,מזרח/צפון/מערב/דרום,,,https://shoval-haifa.webzsites.site/wp-content/themes/shoval-haifa/data/8/%D7%A7%D7%95%D7%9E%D7%95%D7%AA/7.pdf,https://shoval-haifa.webzsites.site/#priceListD,מבנה 8,2026-07-29,B8-A20
1,9,קרקע,229,5-A,5,140.89,241.63,לא,6.55,2,מערב/צפון/מזרח,,,https://shoval-haifa.webzsites.site/wp-content/themes/shoval-haifa/data/9/%D7%A7%D7%95%D7%9E%D7%95%D7%AA/0.pdf,https://shoval-haifa.webzsites.site/#priceListD,מבנה 9,2026-07-29,B9-A1
2,9,1,229,5-B,4,113.97,24.71,כן,6.27,2,מערב/צפון/מזרח,"1,667,884 ₪",https://shoval-haifa.webzsites.site/wp-content/themes/shoval-haifa/data/9/%D7%93%D7%99%D7%A8%D7%95%D7%AA/%D7%9E%D7%A9%D7%AA%D7%9B%D7%9F%209/2.pdf,https://shoval-haifa.webzsites.site/wp-content/themes/shoval-haifa/data/9/%D7%A7%D7%95%D7%9E%D7%95%D7%AA/1.pdf,https://shoval-haifa.webzsites.site/#priceListD,מבנה 9,2026-07-29,B9-A2
3,9,1,229,5-C,4,116.70,24.89,כן,5.99,2,מערב/דרום/מזרח,"1,702,860 ₪",https://shoval-haifa.webzsites.site/wp-content/themes/shoval-haifa/data/9/%D7%93%D7%99%D7%A8%D7%95%D7%AA/%D7%9E%D7%A9%D7%AA%D7%9B%D7%9F%209/3.pdf,https://shoval-haifa.webzsites.site/wp-content/themes/shoval-haifa/data/9/%D7%A7%D7%95%D7%9E%D7%95%D7%AA/1.pdf,https://shoval-haifa.webzsites.site/#priceListD,מבנה 9,2026-07-29,B9-A3
4,9,2,229,5-B,4,113.97,24.71,כן,5.68,2,מערב/צפון/מזרח,"1,664,236 ₪",https://shoval-haifa.webzsites.site/wp-content/themes/shoval-haifa/data/9/%D7%93%D7%99%D7%A8%D7%95%D7%AA/%D7%9E%D7%A9%D7%AA%D7%9B%D7%9F%209/4.pdf,https://shoval-haifa.webzsites.site/wp-content/themes/shoval-haifa/data/9/%D7%A7%D7%95%D7%9E%D7%95%D7%AA/2.pdf,https://shoval-haifa.webzsites.site/#priceListD,מבנה 9,2026-07-29,B9-A4
5,9,2,229,5-C,4,116.70,24.89,כן,5.85,2,מערב/דרום/מזרח,"1,701,995 ₪",https://shoval-haifa.webzsites.site/wp-content/themes/shoval-haifa/data/9/%D7%93%D7%99%D7%A8%D7%95%D7%AA/%D7%9E%D7%A9%D7%AA%D7%9B%D7%9F%209/5.pdf,https://shoval-haifa.webzsites.site/wp-content/themes/shoval-haifa/data/9/%D7%A7%D7%95%D7%9E%D7%95%D7%AA/2.pdf,https://shoval-haifa.webzsites.site/#priceListD,מבנה 9,2026-07-29,B9-A5
6,9,3,229,5-B,4,113.97,24.71,כן,5.69,2,מערב/צפון/מזרח,"1,664,298 ₪",https://shoval-haifa.webzsites.site/wp-content/themes/shoval-haifa/data/9/%D7%93%D7%99%D7%A8%D7%95%D7%AA/%D7%9E%D7%A9%D7%AA%D7%9B%D7%9F%209/6.pdf,https://shoval-haifa.webzsites.site/wp-content/themes/shoval-haifa/data/9/%D7%A7%D7%95%D7%9E%D7%95%D7%AA/3.pdf,https://shoval-haifa.webzsites.site/#priceListD,מבנה 9,2026-07-29,B9-A6
7,9,3,229,5-C,4,116.70,24.89,כן,5.12,2,מערב/דרום/מזרח,"1,697,481 ₪",https://shoval-haifa.webzsites.site/wp-content/themes/shoval-haifa/data/9/%D7%93%D7%99%D7%A8%D7%95%D7%AA/%D7%9E%D7%A9%D7%AA%D7%9B%D7%9F%209/7.pdf,https://shoval-haifa.webzsites.site/wp-content/themes/shoval-haifa/data/9/%D7%A7%D7%95%D7%9E%D7%95%D7%AA/3.pdf,https://shoval-haifa.webzsites.site/#priceListD,מבנה 9,2026-07-29,B9-A7
8,9,4,229,5-B,4,113.97,24.71,כן,6.27,2,מערב/צפון/מזרח,"1,667,884 ₪",https://shoval-haifa.webzsites.site/wp-content/themes/shoval-haifa/data/9/%D7%93%D7%99%D7%A8%D7%95%D7%AA/%D7%9E%D7%A9%D7%AA%D7%9B%D7%9F%209/8.pdf,https://shoval-haifa.webzsites.site/wp-content/themes/shoval-haifa/data/9/%D7%A7%D7%95%D7%9E%D7%95%D7%AA/4.pdf,https://shoval-haifa.webzsites.site/#priceListD,מבנה 9,2026-07-29,B9-A8
9,9,4,229,5-C,4,116.70,24.89,כן,6.51,2,מערב/דרום/מזרח,"1,706,076 ₪",https://shoval-haifa.webzsites.site/wp-content/themes/shoval-haifa/data/9/%D7%93%D7%99%D7%A8%D7%95%D7%AA/%D7%9E%D7%A9%D7%AA%D7%9B%D7%9F%209/9.pdf,https://shoval-haifa.webzsites.site/wp-content/themes/shoval-haifa/data/9/%D7%A7%D7%95%D7%9E%D7%95%D7%AA/4.pdf,https://shoval-haifa.webzsites.site/#priceListD,מבנה 9,2026-07-29,B9-A9
10,9,5,229,5-B-1,4,113.97,24.71,כן,6.45,2,מערב/צפון/מזרח,"1,668,997 ₪",https://shoval-haifa.webzsites.site/wp-content/themes/shoval-haifa/data/9/%D7%93%D7%99%D7%A8%D7%95%D7%AA/%D7%9E%D7%A9%D7%AA%D7%9B%D7%9F%209/10.pdf,https://shoval-haifa.webzsites.site/wp-content/themes/shoval-haifa/data/9/%D7%A7%D7%95%D7%9E%D7%95%D7%AA/5.pdf,https://shoval-haifa.webzsites.site/#priceListD,מבנה 9,2026-07-29,B9-A10
11,9,5,229,5-C-1,4,116.70,24.89,כן,6.91,2,מערב/דרום/מזרח,"1,708,549 ₪",https://shoval-haifa.webzsites.site/wp-content/themes/shoval-haifa/data/9/%D7%93%D7%99%D7%A8%D7%95%D7%AA/%D7%9E%D7%A9%D7%AA%D7%9B%D7%9F%209/11.pdf,https://shoval-haifa.webzsites.site/wp-content/themes/shoval-haifa/data/9/%D7%A7%D7%95%D7%9E%D7%95%D7%AA/5.pdf,https://shoval-haifa.webzsites.site/#priceListD,מבנה 9,2026-07-29,B9-A11
12,9,6,229,5-D,5,141.75,100.07,לא,10.86,2,מערב/דרום/מזרח/צפון,,,https://shoval-haifa.webzsites.site/wp-content/themes/shoval-haifa/data/9/%D7%A7%D7%95%D7%9E%D7%95%D7%AA/6.pdf,https://shoval-haifa.webzsites.site/#priceListD,מבנה 9,2026-07-29,B9-A12
1,10,קרקע,229,3-M,5,127.69,133.23,לא,10.03,2,צפון/מערב/מזרח,,,https://shoval-haifa.webzsites.site/wp-content/themes/shoval-haifa/data/10/%D7%A7%D7%95%D7%9E%D7%95%D7%AA/0.pdf,https://shoval-haifa.webzsites.site/#priceListD,מבנה 10,2026-07-29,B10-A1
2,10,קרקע,229,3-N,5,127.48,253.21,לא,10.11,2,דרום/מערב,,,https://shoval-haifa.webzsites.site/wp-content/themes/shoval-haifa/data/10/%D7%A7%D7%95%D7%9E%D7%95%D7%AA/0.pdf,https://shoval-haifa.webzsites.site/#priceListD,מבנה 10,2026-07-29,B10-A2
3,10,1,229,3-C,5,125.93,24.27,כן,7.27,2,צפון/מערב/מזרח,"1,863,968 ₪",https://shoval-haifa.webzsites.site/wp-content/themes/shoval-haifa/data/10/%D7%93%D7%99%D7%A8%D7%95%D7%AA/%D7%9E%D7%A9%D7%AA%D7%9B%D7%9F%2010/3.pdf,https://shoval-haifa.webzsites.site/wp-content/themes/shoval-haifa/data/10/%D7%A7%D7%95%D7%9E%D7%95%D7%AA/1.pdf,https://shoval-haifa.webzsites.site/#priceListD,מבנה 10,2026-07-29,B10-A3
4,10,1,229,3-D,5,127.03,24.29,כן,7.52,2,דרום/מערב,"1,880,061 ₪",https://shoval-haifa.webzsites.site/wp-content/themes/shoval-haifa/data/10/%D7%93%D7%99%D7%A8%D7%95%D7%AA/%D7%9E%D7%A9%D7%AA%D7%9B%D7%9F%2010/4.pdf,https://shoval-haifa.webzsites.site/wp-content/themes/shoval-haifa/data/10/%D7%A7%D7%95%D7%9E%D7%95%D7%AA/1.pdf,https://shoval-haifa.webzsites.site/#priceListD,מבנה 10,2026-07-29,B10-A4
5,10,1,229,3-E,3,82.34,20.64,כן,5.88,2,דרום/מזרח/צפון,"1,173,463 ₪",https://shoval-haifa.webzsites.site/wp-content/themes/shoval-haifa/data/10/%D7%93%D7%99%D7%A8%D7%95%D7%AA/%D7%9E%D7%A9%D7%AA%D7%9B%D7%9F%2010/5.pdf,https://shoval-haifa.webzsites.site/wp-content/themes/shoval-haifa/data/10/%D7%A7%D7%95%D7%9E%D7%95%D7%AA/1.pdf,https://shoval-haifa.webzsites.site/#priceListD,מבנה 10,2026-07-29,B10-A5
6,10,2,229,3-C,5,125.93,24.27,כן,8.36,2,צפון/מערב/מזרח,"1,870,708 ₪",https://shoval-haifa.webzsites.site/wp-content/themes/shoval-haifa/data/10/%D7%93%D7%99%D7%A8%D7%95%D7%AA/%D7%9E%D7%A9%D7%AA%D7%9B%D7%9F%2010/6.pdf,https://shoval-haifa.webzsites.site/wp-content/themes/shoval-haifa/data/10/%D7%A7%D7%95%D7%9E%D7%95%D7%AA/2.pdf,https://shoval-haifa.webzsites.site/#priceListD,מבנה 10,2026-07-29,B10-A6
7,10,2,229,3-D,5,127.03,24.29,כן,7.86,2,דרום/מערב,"1,882,164 ₪",https://shoval-haifa.webzsites.site/wp-content/themes/shoval-haifa/data/10/%D7%93%D7%99%D7%A8%D7%95%D7%AA/%D7%9E%D7%A9%D7%AA%D7%9B%D7%9F%2010/7.pdf,https://shoval-haifa.webzsites.site/wp-content/themes/shoval-haifa/data/10/%D7%A7%D7%95%D7%9E%D7%95%D7%AA/2.pdf,https://shoval-haifa.webzsites.site/#priceListD,מבנה 10,2026-07-29,B10-A7
8,10,2,229,3-E,3,82.34,20.64,כן,6.05,2,דרום/מזרח/צפון,"1,174,304 ₪",https://shoval-haifa.webzsites.site/wp-content/themes/shoval-haifa/data/10/%D7%93%D7%99%D7%A8%D7%95%D7%AA/%D7%9E%D7%A9%D7%AA%D7%9B%D7%9F%2010/8.pdf,https://shoval-haifa.webzsites.site/wp-content/themes/shoval-haifa/data/10/%D7%A7%D7%95%D7%9E%D7%95%D7%AA/2.pdf,https://shoval-haifa.webzsites.site/#priceListD,מבנה 10,2026-07-29,B10-A8
9,10,3,229,3-C,5,125.93,24.27,כן,8.45,2,צפון/מערב/מזרח,"1,871,265 ₪",https://shoval-haifa.webzsites.site/wp-content/themes/shoval-haifa/data/10/%D7%93%D7%99%D7%A8%D7%95%D7%AA/%D7%9E%D7%A9%D7%AA%D7%9B%D7%9F%2010/9.pdf,https://shoval-haifa.webzsites.site/wp-content/themes/shoval-haifa/data/10/%D7%A7%D7%95%D7%9E%D7%95%D7%AA/3.pdf,https://shoval-haifa.webzsites.site/#priceListD,מבנה 10,2026-07-29,B10-A9
10,10,3,229,3-D,5,127.03,24.29,כן,8.36,2,דרום/מערב,"1,885,256 ₪",https://shoval-haifa.webzsites.site/wp-content/themes/shoval-haifa/data/10/%D7%93%D7%99%D7%A8%D7%95%D7%AA/%D7%9E%D7%A9%D7%AA%D7%9B%D7%9F%2010/10.pdf,https://shoval-haifa.webzsites.site/wp-content/themes/shoval-haifa/data/10/%D7%A7%D7%95%D7%9E%D7%95%D7%AA/3.pdf,https://shoval-haifa.webzsites.site/#priceListD,מבנה 10,2026-07-29,B10-A10
11,10,3,229,3-E,3,82.34,20.64,כן,6.05,2,דרום/מזרח/צפון,"1,174,304 ₪",https://shoval-haifa.webzsites.site/wp-content/themes/shoval-haifa/data/10/%D7%93%D7%99%D7%A8%D7%95%D7%AA/%D7%9E%D7%A9%D7%AA%D7%9B%D7%9F%2010/11.pdf,https://shoval-haifa.webzsites.site/wp-content/themes/shoval-haifa/data/10/%D7%A7%D7%95%D7%9E%D7%95%D7%AA/3.pdf,https://shoval-haifa.webzsites.site/#priceListD,מבנה 10,2026-07-29,B10-A11
12,10,4,229,3-C,5,125.93,24.27,כן,8.59,2,צפון/מערב/מזרח,"1,872,131 ₪",https://shoval-haifa.webzsites.site/wp-content/themes/shoval-haifa/data/10/%D7%93%D7%99%D7%A8%D7%95%D7%AA/%D7%9E%D7%A9%D7%AA%D7%9B%D7%9F%2010/12.pdf,https://shoval-haifa.webzsites.site/wp-content/themes/shoval-haifa/data/10/%D7%A7%D7%95%D7%9E%D7%95%D7%AA/4.pdf,https://shoval-haifa.webzsites.site/#priceListD,מבנה 10,2026-07-29,B10-A12
13,10,4,229,3-D,5,127.03,24.29,כן,8.50,2,דרום/מערב,"1,886,121 ₪",https://shoval-haifa.webzsites.site/wp-content/themes/shoval-haifa/data/10/%D7%93%D7%99%D7%A8%D7%95%D7%AA/%D7%9E%D7%A9%D7%AA%D7%9B%D7%9F%2010/13.pdf,https://shoval-haifa.webzsites.site/wp-content/themes/shoval-haifa/data/10/%D7%A7%D7%95%D7%9E%D7%95%D7%AA/4.pdf,https://shoval-haifa.webzsites.site/#priceListD,מבנה 10,2026-07-29,B10-A13
14,10,4,229,3-E,3,82.34,20.64,כן,6.23,2,דרום/מזרח/צפון,"1,175,194 ₪",https://shoval-haifa.webzsites.site/wp-content/themes/shoval-haifa/data/10/%D7%93%D7%99%D7%A8%D7%95%D7%AA/%D7%9E%D7%A9%D7%AA%D7%9B%D7%9F%2010/14.pdf,https://shoval-haifa.webzsites.site/wp-content/themes/shoval-haifa/data/10/%D7%A7%D7%95%D7%9E%D7%95%D7%AA/4.pdf,https://shoval-haifa.webzsites.site/#priceListD,מבנה 10,2026-07-29,B10-A14
15,10,5,229,3-C,5,125.93,24.27,כן,8.93,2,צפון/מערב/מזרח,"1,874,233 ₪",https://shoval-haifa.webzsites.site/wp-content/themes/shoval-haifa/data/10/%D7%93%D7%99%D7%A8%D7%95%D7%AA/%D7%9E%D7%A9%D7%AA%D7%9B%D7%9F%2010/15.pdf,https://shoval-haifa.webzsites.site/wp-content/themes/shoval-haifa/data/10/%D7%A7%D7%95%D7%9E%D7%95%D7%AA/5.pdf,https://shoval-haifa.webzsites.site/#priceListD,מבנה 10,2026-07-29,B10-A15
16,10,5,229,3-D,5,127.03,24.29,כן,8.93,2,דרום/מערב,"1,888,780 ₪",https://shoval-haifa.webzsites.site/wp-content/themes/shoval-haifa/data/10/%D7%93%D7%99%D7%A8%D7%95%D7%AA/%D7%9E%D7%A9%D7%AA%D7%9B%D7%9F%2010/16.pdf,https://shoval-haifa.webzsites.site/wp-content/themes/shoval-haifa/data/10/%D7%A7%D7%95%D7%9E%D7%95%D7%AA/5.pdf,https://shoval-haifa.webzsites.site/#priceListD,מבנה 10,2026-07-29,B10-A16
17,10,5,229,3-E,3,82.34,20.64,כן,6.44,2,דרום/מזרח/צפון,"1,176,233 ₪",https://shoval-haifa.webzsites.site/wp-content/themes/shoval-haifa/data/10/%D7%93%D7%99%D7%A8%D7%95%D7%AA/%D7%9E%D7%A9%D7%AA%D7%9B%D7%9F%2010/17.pdf,https://shoval-haifa.webzsites.site/wp-content/themes/shoval-haifa/data/10/%D7%A7%D7%95%D7%9E%D7%95%D7%AA/5.pdf,https://shoval-haifa.webzsites.site/#priceListD,מבנה 10,2026-07-29,B10-A17
18,10,6,229,3-C,5,125.93,24.27,כן,9.98,2,צפון/מערב/מזרח,"1,880,726 ₪",https://shoval-haifa.webzsites.site/wp-content/themes/shoval-haifa/data/10/%D7%93%D7%99%D7%A8%D7%95%D7%AA/%D7%9E%D7%A9%D7%AA%D7%9B%D7%9F%2010/18.pdf,https://shoval-haifa.webzsites.site/wp-content/themes/shoval-haifa/data/10/%D7%A7%D7%95%D7%9E%D7%95%D7%AA/6.pdf,https://shoval-haifa.webzsites.site/#priceListD,מבנה 10,2026-07-29,B10-A18
19,10,6,229,3-F,5,155.37,100.78,לא,9.81,2,מזרח/דרום/מערב,,,https://shoval-haifa.webzsites.site/wp-content/themes/shoval-haifa/data/10/%D7%A7%D7%95%D7%9E%D7%95%D7%AA/6.pdf,https://shoval-haifa.webzsites.site/#priceListD,מבנה 10,2026-07-29,B10-A19
20,10,7,229,3-G,5,184.11,126.56,לא,9.51,2,צפון/מזרח/דרום/מערב,,,https://shoval-haifa.webzsites.site/wp-content/themes/shoval-haifa/data/10/%D7%A7%D7%95%D7%9E%D7%95%D7%AA/7.pdf,https://shoval-haifa.webzsites.site/#priceListD,מבנה 10,2026-07-29,B10-A20
1,11,קרקע+ מרתף,229,3-OM,4,179.23,130.89,לא,9.71,2,צפון/מזרח/דרום,,,,https://shoval-haifa.webzsites.site/#priceListD,מבנה 11,2026-07-29,B11-A1
2,11,קרקע+ מרתף,228,3-PM,4,184.87,200.38,לא,9.47,2,מערב/דרום,,,,https://shoval-haifa.webzsites.site/#priceListD,מבנה 11,2026-07-29,B11-A2
3,11,1,228,3-CM,5,125.93,24.27,כן,9.07,2,צפון/מזרח/דרום,"1,875,099 ₪",https://shoval-haifa.webzsites.site/wp-content/themes/shoval-haifa/data/11/%D7%93%D7%99%D7%A8%D7%95%D7%AA/%D7%9E%D7%A9%D7%AA%D7%9B%D7%9F%2011/3.pdf,https://shoval-haifa.webzsites.site/wp-content/themes/shoval-haifa/data/11/%D7%A7%D7%95%D7%9E%D7%95%D7%AA/1.pdf,https://shoval-haifa.webzsites.site/#priceListD,מבנה 11,2026-07-29,B11-A3
4,11,1,228,3-DM,5,127.03,24.29,כן,9.03,2,מערב/דרום,"1,889,399 ₪",https://shoval-haifa.webzsites.site/wp-content/themes/shoval-haifa/data/11/%D7%93%D7%99%D7%A8%D7%95%D7%AA/%D7%9E%D7%A9%D7%AA%D7%9B%D7%9F%2011/4.pdf,https://shoval-haifa.webzsites.site/wp-content/themes/shoval-haifa/data/11/%D7%A7%D7%95%D7%9E%D7%95%D7%AA/1.pdf,https://shoval-haifa.webzsites.site/#priceListD,מבנה 11,2026-07-29,B11-A4
5,11,1,228,3-EM,3,82.34,20.64,כן,7.59,2,מערב/צפון/מזרח,"1,181,922 ₪",https://shoval-haifa.webzsites.site/wp-content/themes/shoval-haifa/data/11/%D7%93%D7%99%D7%A8%D7%95%D7%AA/%D7%9E%D7%A9%D7%AA%D7%9B%D7%9F%2011/5.pdf,https://shoval-haifa.webzsites.site/wp-content/themes/shoval-haifa/data/11/%D7%A7%D7%95%D7%9E%D7%95%D7%AA/1.pdf,https://shoval-haifa.webzsites.site/#priceListD,מבנה 11,2026-07-29,B11-A5
6,11,2,228,3-CM,5,125.93,24.27,כן,9.16,2,צפון/מזרח/דרום,"1,875,655 ₪",https://shoval-haifa.webzsites.site/wp-content/themes/shoval-haifa/data/11/%D7%93%D7%99%D7%A8%D7%95%D7%AA/%D7%9E%D7%A9%D7%AA%D7%9B%D7%9F%2011/6.pdf,https://shoval-haifa.webzsites.site/wp-content/themes/shoval-haifa/data/11/%D7%A7%D7%95%D7%9E%D7%95%D7%AA/2.pdf,https://shoval-haifa.webzsites.site/#priceListD,מבנה 11,2026-07-29,B11-A6
7,11,2,228,3-DM,5,127.03,24.29,כן,9.16,2,מערב/דרום,"1,890,203 ₪",https://shoval-haifa.webzsites.site/wp-content/themes/shoval-haifa/data/11/%D7%93%D7%99%D7%A8%D7%95%D7%AA/%D7%9E%D7%A9%D7%AA%D7%9B%D7%9F%2011/7.pdf,https://shoval-haifa.webzsites.site/wp-content/themes/shoval-haifa/data/11/%D7%A7%D7%95%D7%9E%D7%95%D7%AA/2.pdf,https://shoval-haifa.webzsites.site/#priceListD,מבנה 11,2026-07-29,B11-A7
8,11,2,228,3-EM,3,82.34,20.64,כן,8.90,2,מערב/צפון/מזרח,"1,188,403 ₪",https://shoval-haifa.webzsites.site/wp-content/themes/shoval-haifa/data/11/%D7%93%D7%99%D7%A8%D7%95%D7%AA/%D7%9E%D7%A9%D7%AA%D7%9B%D7%9F%2011/8.pdf,https://shoval-haifa.webzsites.site/wp-content/themes/shoval-haifa/data/11/%D7%A7%D7%95%D7%9E%D7%95%D7%AA/2.pdf,https://shoval-haifa.webzsites.site/#priceListD,מבנה 11,2026-07-29,B11-A8
9,11,3,228,3-CM,5,125.93,24.27,כן,9.32,2,צפון/מזרח/דרום,"1,876,645 ₪",https://shoval-haifa.webzsites.site/wp-content/themes/shoval-haifa/data/11/%D7%93%D7%99%D7%A8%D7%95%D7%AA/%D7%9E%D7%A9%D7%AA%D7%9B%D7%9F%2011/9.pdf,https://shoval-haifa.webzsites.site/wp-content/themes/shoval-haifa/data/11/%D7%A7%D7%95%D7%9E%D7%95%D7%AA/3.pdf,https://shoval-haifa.webzsites.site/#priceListD,מבנה 11,2026-07-29,B11-A9
10,11,3,228,3-DM,5,127.03,24.29,כן,9.24,2,מערב/דרום,"1,890,697 ₪",https://shoval-haifa.webzsites.site/wp-content/themes/shoval-haifa/data/11/%D7%93%D7%99%D7%A8%D7%95%D7%AA/%D7%9E%D7%A9%D7%AA%D7%9B%D7%9F%2011/10.pdf,https://shoval-haifa.webzsites.site/wp-content/themes/shoval-haifa/data/11/%D7%A7%D7%95%D7%9E%D7%95%D7%AA/3.pdf,https://shoval-haifa.webzsites.site/#priceListD,מבנה 11,2026-07-29,B11-A10
11,11,3,228,3-EM,3,82.34,20.64,כן,8.71,2,מערב/צפון/מזרח,"1,187,463 ₪",https://shoval-haifa.webzsites.site/wp-content/themes/shoval-haifa/data/11/%D7%93%D7%99%D7%A8%D7%95%D7%AA/%D7%9E%D7%A9%D7%AA%D7%9B%D7%9F%2011/11.pdf,https://shoval-haifa.webzsites.site/wp-content/themes/shoval-haifa/data/11/%D7%A7%D7%95%D7%9E%D7%95%D7%AA/3.pdf,https://shoval-haifa.webzsites.site/#priceListD,מבנה 11,2026-07-29,B11-A11
12,11,4,228,3-CM,5,125.93,24.27,כן,9.39,2,צפון/מזרח/דרום,"1,877,078 ₪",https://shoval-haifa.webzsites.site/wp-content/themes/shoval-haifa/data/11/%D7%93%D7%99%D7%A8%D7%95%D7%AA/%D7%9E%D7%A9%D7%AA%D7%9B%D7%9F%2011/12.pdf,https://shoval-haifa.webzsites.site/wp-content/themes/shoval-haifa/data/11/%D7%A7%D7%95%D7%9E%D7%95%D7%AA/4.pdf,https://shoval-haifa.webzsites.site/#priceListD,מבנה 11,2026-07-29,B11-A12
13,11,4,228,3-DM,5,127.03,24.29,כן,9.61,2,מערב/דרום,"1,892,985 ₪",https://shoval-haifa.webzsites.site/wp-content/themes/shoval-haifa/data/11/%D7%93%D7%99%D7%A8%D7%95%D7%AA/%D7%9E%D7%A9%D7%AA%D7%9B%D7%9F%2011/13.pdf,https://shoval-haifa.webzsites.site/wp-content/themes/shoval-haifa/data/11/%D7%A7%D7%95%D7%9E%D7%95%D7%AA/4.pdf,https://shoval-haifa.webzsites.site/#priceListD,מבנה 11,2026-07-29,B11-A13
14,11,4,228,3-EM,3,82.34,20.64,כן,8.94,2,מערב/צפון/מזרח,"1,188,601 ₪",https://shoval-haifa.webzsites.site/wp-content/themes/shoval-haifa/data/11/%D7%93%D7%99%D7%A8%D7%95%D7%AA/%D7%9E%D7%A9%D7%AA%D7%9B%D7%9F%2011/14.pdf,https://shoval-haifa.webzsites.site/wp-content/themes/shoval-haifa/data/11/%D7%A7%D7%95%D7%9E%D7%95%D7%AA/4.pdf,https://shoval-haifa.webzsites.site/#priceListD,מבנה 11,2026-07-29,B11-A14
15,11,5,228,3-CM,5,125.93,24.27,כן,9.76,2,צפון/מזרח/דרום,"1,879,366 ₪",https://shoval-haifa.webzsites.site/wp-content/themes/shoval-haifa/data/11/%D7%93%D7%99%D7%A8%D7%95%D7%AA/%D7%9E%D7%A9%D7%AA%D7%9B%D7%9F%2011/15.pdf,https://shoval-haifa.webzsites.site/wp-content/themes/shoval-haifa/data/11/%D7%A7%D7%95%D7%9E%D7%95%D7%AA/5.pdf,https://shoval-haifa.webzsites.site/#priceListD,מבנה 11,2026-07-29,B11-A15
16,11,5,228,3-DM,5,127.03,24.29,כן,9.74,2,מערב/דרום,"1,893,789 ₪",https://shoval-haifa.webzsites.site/wp-content/themes/shoval-haifa/data/11/%D7%93%D7%99%D7%A8%D7%95%D7%AA/%D7%9E%D7%A9%D7%AA%D7%9B%D7%9F%2011/16.pdf,https://shoval-haifa.webzsites.site/wp-content/themes/shoval-haifa/data/11/%D7%A7%D7%95%D7%9E%D7%95%D7%AA/5.pdf,https://shoval-haifa.webzsites.site/#priceListD,מבנה 11,2026-07-29,B11-A16
17,11,5,228,3-EM,3,82.34,20.64,כן,9.30,2,מערב/צפון/מזרח,"1,190,382 ₪",https://shoval-haifa.webzsites.site/wp-content/themes/shoval-haifa/data/11/%D7%93%D7%99%D7%A8%D7%95%D7%AA/%D7%9E%D7%A9%D7%AA%D7%9B%D7%9F%2011/17.pdf,https://shoval-haifa.webzsites.site/wp-content/themes/shoval-haifa/data/11/%D7%A7%D7%95%D7%9E%D7%95%D7%AA/5.pdf,https://shoval-haifa.webzsites.site/#priceListD,מבנה 11,2026-07-29,B11-A17
18,11,6,228,3-CM,5,125.93,24.27,כן,9.65,2,צפון/מזרח/דרום,"1,878,685 ₪",https://shoval-haifa.webzsites.site/wp-content/themes/shoval-haifa/data/11/%D7%93%D7%99%D7%A8%D7%95%D7%AA/%D7%9E%D7%A9%D7%AA%D7%9B%D7%9F%2011/18.pdf,https://shoval-haifa.webzsites.site/wp-content/themes/shoval-haifa/data/11/%D7%A7%D7%95%D7%9E%D7%95%D7%AA/6.pdf,https://shoval-haifa.webzsites.site/#priceListD,מבנה 11,2026-07-29,B11-A18
19,11,6,228,3-FM,5,155.37,100.78,לא,9.79,2,מערב/דרום/צפון,,,https://shoval-haifa.webzsites.site/wp-content/themes/shoval-haifa/data/11/%D7%A7%D7%95%D7%9E%D7%95%D7%AA/6.pdf,https://shoval-haifa.webzsites.site/#priceListD,מבנה 11,2026-07-29,B11-A19
20,11,7,228,3-GM,5,184.11,126.56,לא,9.43,2,מזרח/דרום/מערב/צפון,,,https://shoval-haifa.webzsites.site/wp-content/themes/shoval-haifa/data/11/%D7%A7%D7%95%D7%9E%D7%95%D7%AA/7.pdf,https://shoval-haifa.webzsites.site/#priceListD,מבנה 11,2026-07-29,B11-A20
1,12,קרקע,229,5-A,5,141.44,230.79,לא,6.40,2,דרום/מזרח/צפון,,,https://shoval-haifa.webzsites.site/wp-content/themes/shoval-haifa/data/12/%D7%A7%D7%95%D7%9E%D7%95%D7%AA/0.pdf,https://shoval-haifa.webzsites.site/#priceListD,מבנה 12,2026-07-29,B12-A1
2,12,1,229,5-B,4,113.97,24.71,כן,4.17,2,דרום/מערב/צפון,"1,654,898 ₪",https://shoval-haifa.webzsites.site/wp-content/themes/shoval-haifa/data/12/%D7%93%D7%99%D7%A8%D7%95%D7%AA/%D7%9E%D7%A9%D7%AA%D7%9B%D7%9F%2012/2.pdf,https://shoval-haifa.webzsites.site/wp-content/themes/shoval-haifa/data/12/%D7%A7%D7%95%D7%9E%D7%95%D7%AA/1.pdf,https://shoval-haifa.webzsites.site/#priceListD,מבנה 12,2026-07-29,B12-A2
3,12,1,229,5-C,4,116.70,24.89,כן,4.89,2,דרום/מזרח/צפון,"1,696,058 ₪",https://shoval-haifa.webzsites.site/wp-content/themes/shoval-haifa/data/12/%D7%93%D7%99%D7%A8%D7%95%D7%AA/%D7%9E%D7%A9%D7%AA%D7%9B%D7%9F%2012/3.pdf,https://shoval-haifa.webzsites.site/wp-content/themes/shoval-haifa/data/12/%D7%A7%D7%95%D7%9E%D7%95%D7%AA/1.pdf,https://shoval-haifa.webzsites.site/#priceListD,מבנה 12,2026-07-29,B12-A3
4,12,2,229,5-B,4,113.97,24.71,כן,4.83,2,דרום/מערב/צפון,"1,658,980 ₪",https://shoval-haifa.webzsites.site/wp-content/themes/shoval-haifa/data/12/%D7%93%D7%99%D7%A8%D7%95%D7%AA/%D7%9E%D7%A9%D7%AA%D7%9B%D7%9F%2012/4.pdf,https://shoval-haifa.webzsites.site/wp-content/themes/shoval-haifa/data/12/%D7%A7%D7%95%D7%9E%D7%95%D7%AA/2.pdf,https://shoval-haifa.webzsites.site/#priceListD,מבנה 12,2026-07-29,B12-A4
5,12,2,229,5-C,4,116.70,24.89,כן,5.67,2,דרום/מזרח/צפון,"1,700,882 ₪",https://shoval-haifa.webzsites.site/wp-content/themes/shoval-haifa/data/12/%D7%93%D7%99%D7%A8%D7%95%D7%AA/%D7%9E%D7%A9%D7%AA%D7%9B%D7%9F%2012/5.pdf,https://shoval-haifa.webzsites.site/wp-content/themes/shoval-haifa/data/12/%D7%A7%D7%95%D7%9E%D7%95%D7%AA/2.pdf,https://shoval-haifa.webzsites.site/#priceListD,מבנה 12,2026-07-29,B12-A5
6,12,3,229,5-B,4,113.97,24.71,כן,4.84,2,דרום/מערב/צפון,"1,659,041 ₪",https://shoval-haifa.webzsites.site/wp-content/themes/shoval-haifa/data/12/%D7%93%D7%99%D7%A8%D7%95%D7%AA/%D7%9E%D7%A9%D7%AA%D7%9B%D7%9F%2012/6.pdf,https://shoval-haifa.webzsites.site/wp-content/themes/shoval-haifa/data/12/%D7%A7%D7%95%D7%9E%D7%95%D7%AA/3.pdf,https://shoval-haifa.webzsites.site/#priceListD,מבנה 12,2026-07-29,B12-A6
7,12,3,229,5-C,4,116.70,24.89,כן,5.16,2,דרום/מזרח/צפון,"1,697,728 ₪",https://shoval-haifa.webzsites.site/wp-content/themes/shoval-haifa/data/12/%D7%93%D7%99%D7%A8%D7%95%D7%AA/%D7%9E%D7%A9%D7%AA%D7%9B%D7%9F%2012/7.pdf,https://shoval-haifa.webzsites.site/wp-content/themes/shoval-haifa/data/12/%D7%A7%D7%95%D7%9E%D7%95%D7%AA/3.pdf,https://shoval-haifa.webzsites.site/#priceListD,מבנה 12,2026-07-29,B12-A7
8,12,4,229,5-B,4,113.97,24.71,כן,4.89,2,דרום/מערב/צפון,"1,659,351 ₪",https://shoval-haifa.webzsites.site/wp-content/themes/shoval-haifa/data/12/%D7%93%D7%99%D7%A8%D7%95%D7%AA/%D7%9E%D7%A9%D7%AA%D7%9B%D7%9F%2012/8.pdf,https://shoval-haifa.webzsites.site/wp-content/themes/shoval-haifa/data/12/%D7%A7%D7%95%D7%9E%D7%95%D7%AA/4.pdf,https://shoval-haifa.webzsites.site/#priceListD,מבנה 12,2026-07-29,B12-A8
9,12,4,229,5-C,4,116.70,24.89,כן,6.20,2,דרום/מזרח/צפון,"1,704,159 ₪",https://shoval-haifa.webzsites.site/wp-content/themes/shoval-haifa/data/12/%D7%93%D7%99%D7%A8%D7%95%D7%AA/%D7%9E%D7%A9%D7%AA%D7%9B%D7%9F%2012/9.pdf,https://shoval-haifa.webzsites.site/wp-content/themes/shoval-haifa/data/12/%D7%A7%D7%95%D7%9E%D7%95%D7%AA/4.pdf,https://shoval-haifa.webzsites.site/#priceListD,מבנה 12,2026-07-29,B12-A9
10,12,5,229,5-B-1,4,113.97,24.71,כן,5.64,2,דרום/מערב/צפון,"1,663,988 ₪",https://shoval-haifa.webzsites.site/wp-content/themes/shoval-haifa/data/12/%D7%93%D7%99%D7%A8%D7%95%D7%AA/%D7%9E%D7%A9%D7%AA%D7%9B%D7%9F%2012/10.pdf,https://shoval-haifa.webzsites.site/wp-content/themes/shoval-haifa/data/12/%D7%A7%D7%95%D7%9E%D7%95%D7%AA/5.pdf,https://shoval-haifa.webzsites.site/#priceListD,מבנה 12,2026-07-29,B12-A10
11,12,5,229,5-C-1,4,116.70,24.89,כן,5.40,2,דרום/מזרח/צפון,"1,699,212 ₪",https://shoval-haifa.webzsites.site/wp-content/themes/shoval-haifa/data/12/%D7%93%D7%99%D7%A8%D7%95%D7%AA/%D7%9E%D7%A9%D7%AA%D7%9B%D7%9F%2012/11.pdf,https://shoval-haifa.webzsites.site/wp-content/themes/shoval-haifa/data/12/%D7%A7%D7%95%D7%9E%D7%95%D7%AA/5.pdf,https://shoval-haifa.webzsites.site/#priceListD,מבנה 12,2026-07-29,B12-A11
12,12,6,229,5-D,5,141.75,100.07,לא,10.86,2,מזרח/דרום/מערב/צפון,,,https://shoval-haifa.webzsites.site/wp-content/themes/shoval-haifa/data/12/%D7%A7%D7%95%D7%9E%D7%95%D7%AA/6.pdf,https://shoval-haifa.webzsites.site/#priceListD,מבנה 12,2026-07-29,B12-A12
1,13,קרקע+ מרתף,229,2-L,5,202.94,288.50,לא,8.91,2,מזרח/צפון/מערב,,,,https://shoval-haifa.webzsites.site/#priceListD,מבנה 13,2026-07-29,B13-A1
2,13,קרקע+ מרתף,229,2-M,5,195.06,48.49,לא,7.14,2,דרום/מערב/צפון,,,,https://shoval-haifa.webzsites.site/#priceListD,מבנה 13,2026-07-29,B13-A2
3,13,1,229,2-C,5,125.84,21.46,כן,6.50,2,מזרח/צפון/מערב,"1,844,992 ₪",https://shoval-haifa.webzsites.site/wp-content/themes/shoval-haifa/data/13/%D7%93%D7%99%D7%A8%D7%95%D7%AA/%D7%9E%D7%A9%D7%AA%D7%9B%D7%9F%2013/3.pdf,https://shoval-haifa.webzsites.site/wp-content/themes/shoval-haifa/data/13/%D7%A7%D7%95%D7%9E%D7%95%D7%AA/1.pdf,https://shoval-haifa.webzsites.site/#priceListD,מבנה 13,2026-07-29,B13-A3
4,13,1,229,2-D,5,125.85,21.27,כן,6.59,2,דרום/מערב/צפון,"1,844,799 ₪",https://shoval-haifa.webzsites.site/wp-content/themes/shoval-haifa/data/13/%D7%93%D7%99%D7%A8%D7%95%D7%AA/%D7%9E%D7%A9%D7%AA%D7%9B%D7%9F%2013/4.pdf,https://shoval-haifa.webzsites.site/wp-content/themes/shoval-haifa/data/13/%D7%A7%D7%95%D7%9E%D7%95%D7%AA/1.pdf,https://shoval-haifa.webzsites.site/#priceListD,מבנה 13,2026-07-29,B13-A4
5,13,1,229,2-E,3,80.00,17.98,כן,5.19,2,דרום/מזרח,"1,131,241 ₪",https://shoval-haifa.webzsites.site/wp-content/themes/shoval-haifa/data/13/%D7%93%D7%99%D7%A8%D7%95%D7%AA/%D7%9E%D7%A9%D7%AA%D7%9B%D7%9F%2013/5.pdf,https://shoval-haifa.webzsites.site/wp-content/themes/shoval-haifa/data/13/%D7%A7%D7%95%D7%9E%D7%95%D7%AA/1.pdf,https://shoval-haifa.webzsites.site/#priceListD,מבנה 13,2026-07-29,B13-A5
6,13,2,229,2-C,5,125.84,21.46,כן,6.65,2,מזרח/צפון/מערב,"1,845,920 ₪",https://shoval-haifa.webzsites.site/wp-content/themes/shoval-haifa/data/13/%D7%93%D7%99%D7%A8%D7%95%D7%AA/%D7%9E%D7%A9%D7%AA%D7%9B%D7%9F%2013/6.pdf,https://shoval-haifa.webzsites.site/wp-content/themes/shoval-haifa/data/13/%D7%A7%D7%95%D7%9E%D7%95%D7%AA/2.pdf,https://shoval-haifa.webzsites.site/#priceListD,מבנה 13,2026-07-29,B13-A6
7,13,2,229,2-D,5,125.85,21.27,כן,6.74,2,דרום/מערב/צפון,"1,845,726 ₪",https://shoval-haifa.webzsites.site/wp-content/themes/shoval-haifa/data/13/%D7%93%D7%99%D7%A8%D7%95%D7%AA/%D7%9E%D7%A9%D7%AA%D7%9B%D7%9F%2013/7.pdf,https://shoval-haifa.webzsites.site/wp-content/themes/shoval-haifa/data/13/%D7%A7%D7%95%D7%9E%D7%95%D7%AA/2.pdf,https://shoval-haifa.webzsites.site/#priceListD,מבנה 13,2026-07-29,B13-A7
8,13,2,229,2-E,3,80.00,17.98,כן,5.27,2,דרום/מזרח,"1,131,637 ₪",https://shoval-haifa.webzsites.site/wp-content/themes/shoval-haifa/data/13/%D7%93%D7%99%D7%A8%D7%95%D7%AA/%D7%9E%D7%A9%D7%AA%D7%9B%D7%9F%2013/8.pdf,https://shoval-haifa.webzsites.site/wp-content/themes/shoval-haifa/data/13/%D7%A7%D7%95%D7%9E%D7%95%D7%AA/2.pdf,https://shoval-haifa.webzsites.site/#priceListD,מבנה 13,2026-07-29,B13-A8
9,13,3,229,2-C,5,125.84,21.46,כן,6.70,2,מזרח/צפון/מערב,"1,846,229 ₪",https://shoval-haifa.webzsites.site/wp-content/themes/shoval-haifa/data/13/%D7%93%D7%99%D7%A8%D7%95%D7%AA/%D7%9E%D7%A9%D7%AA%D7%9B%D7%9F%2013/9.pdf,https://shoval-haifa.webzsites.site/wp-content/themes/shoval-haifa/data/13/%D7%A7%D7%95%D7%9E%D7%95%D7%AA/3.pdf,https://shoval-haifa.webzsites.site/#priceListD,מבנה 13,2026-07-29,B13-A9
10,13,3,229,2-D,5,125.85,21.27,כן,6.70,2,דרום/מערב/צפון,"1,845,479 ₪",https://shoval-haifa.webzsites.site/wp-content/themes/shoval-haifa/data/13/%D7%93%D7%99%D7%A8%D7%95%D7%AA/%D7%9E%D7%A9%D7%AA%D7%9B%D7%9F%2013/10.pdf,https://shoval-haifa.webzsites.site/wp-content/themes/shoval-haifa/data/13/%D7%A7%D7%95%D7%9E%D7%95%D7%AA/3.pdf,https://shoval-haifa.webzsites.site/#priceListD,מבנה 13,2026-07-29,B13-A10
11,13,3,229,2-E,3,80.00,17.98,כן,5.89,2,דרום/מזרח,"1,134,704 ₪",https://shoval-haifa.webzsites.site/wp-content/themes/shoval-haifa/data/13/%D7%93%D7%99%D7%A8%D7%95%D7%AA/%D7%9E%D7%A9%D7%AA%D7%9B%D7%9F%2013/11.pdf,https://shoval-haifa.webzsites.site/wp-content/themes/shoval-haifa/data/13/%D7%A7%D7%95%D7%9E%D7%95%D7%AA/3.pdf,https://shoval-haifa.webzsites.site/#priceListD,מבנה 13,2026-07-29,B13-A11
12,13,4,229,2-C,5,125.84,21.46,כן,6.91,2,מזרח/צפון/מערב,"1,847,527 ₪",https://shoval-haifa.webzsites.site/wp-content/themes/shoval-haifa/data/13/%D7%93%D7%99%D7%A8%D7%95%D7%AA/%D7%9E%D7%A9%D7%AA%D7%9B%D7%9F%2013/12.pdf,https://shoval-haifa.webzsites.site/wp-content/themes/shoval-haifa/data/13/%D7%A7%D7%95%D7%9E%D7%95%D7%AA/4.pdf,https://shoval-haifa.webzsites.site/#priceListD,מבנה 13,2026-07-29,B13-A12
13,13,4,229,2-D,5,125.85,21.27,כן,6.99,2,דרום/מערב/צפון,"1,847,272 ₪",https://shoval-haifa.webzsites.site/wp-content/themes/shoval-haifa/data/13/%D7%93%D7%99%D7%A8%D7%95%D7%AA/%D7%9E%D7%A9%D7%AA%D7%9B%D7%9F%2013/13.pdf,https://shoval-haifa.webzsites.site/wp-content/themes/shoval-haifa/data/13/%D7%A7%D7%95%D7%9E%D7%95%D7%AA/4.pdf,https://shoval-haifa.webzsites.site/#priceListD,מבנה 13,2026-07-29,B13-A13
14,13,4,229,2-E,3,80.00,17.98,כן,6.04,2,דרום/מזרח,"1,135,446 ₪",https://shoval-haifa.webzsites.site/wp-content/themes/shoval-haifa/data/13/%D7%93%D7%99%D7%A8%D7%95%D7%AA/%D7%9E%D7%A9%D7%AA%D7%9B%D7%9F%2013/14.pdf,https://shoval-haifa.webzsites.site/wp-content/themes/shoval-haifa/data/13/%D7%A7%D7%95%D7%9E%D7%95%D7%AA/4.pdf,https://shoval-haifa.webzsites.site/#priceListD,מבנה 13,2026-07-29,B13-A14
15,13,5,229,2-C-1,5,125.84,21.46,כן,7.05,2,מזרח/צפון/מערב,"1,848,393 ₪",https://shoval-haifa.webzsites.site/wp-content/themes/shoval-haifa/data/13/%D7%93%D7%99%D7%A8%D7%95%D7%AA/%D7%9E%D7%A9%D7%AA%D7%9B%D7%9F%2013/15.pdf,https://shoval-haifa.webzsites.site/wp-content/themes/shoval-haifa/data/13/%D7%A7%D7%95%D7%9E%D7%95%D7%AA/5.pdf,https://shoval-haifa.webzsites.site/#priceListD,מבנה 13,2026-07-29,B13-A15
16,13,5,229,2-D-1,5,125.85,21.27,כן,7.45,2,דרום/מערב/צפון,"1,850,117 ₪",https://shoval-haifa.webzsites.site/wp-content/themes/shoval-haifa/data/13/%D7%93%D7%99%D7%A8%D7%95%D7%AA/%D7%9E%D7%A9%D7%AA%D7%9B%D7%9F%2013/16.pdf,https://shoval-haifa.webzsites.site/wp-content/themes/shoval-haifa/data/13/%D7%A7%D7%95%D7%9E%D7%95%D7%AA/5.pdf,https://shoval-haifa.webzsites.site/#priceListD,מבנה 13,2026-07-29,B13-A16
17,13,5,229,2-E-1,3,80.00,17.98,כן,6.19,2,דרום/מזרח,"1,136,188 ₪",https://shoval-haifa.webzsites.site/wp-content/themes/shoval-haifa/data/13/%D7%93%D7%99%D7%A8%D7%95%D7%AA/%D7%9E%D7%A9%D7%AA%D7%9B%D7%9F%2013/17.pdf,https://shoval-haifa.webzsites.site/wp-content/themes/shoval-haifa/data/13/%D7%A7%D7%95%D7%9E%D7%95%D7%AA/5.pdf,https://shoval-haifa.webzsites.site/#priceListD,מבנה 13,2026-07-29,B13-A17
18,13,6,229,2-F,5,144.62,39.14,לא,9.61,2,מזרח/צפון/מערב,,,https://shoval-haifa.webzsites.site/wp-content/themes/shoval-haifa/data/13/%D7%A7%D7%95%D7%9E%D7%95%D7%AA/6.pdf,https://shoval-haifa.webzsites.site/#priceListD,מבנה 13,2026-07-29,B13-A18
19,13,6,229,2-G,5,142.20,39.50,לא,9.04,2,מזרח/דרום/מערב/צפון,,,https://shoval-haifa.webzsites.site/wp-content/themes/shoval-haifa/data/13/%D7%A7%D7%95%D7%9E%D7%95%D7%AA/6.pdf,https://shoval-haifa.webzsites.site/#priceListD,מבנה 13,2026-07-29,B13-A19
20,13,7,229,2-H,6,176.63,115.45,לא,7.21,2,דרום/מערב/צפון/מזרח,,,https://shoval-haifa.webzsites.site/wp-content/themes/shoval-haifa/data/13/%D7%A7%D7%95%D7%9E%D7%95%D7%AA/7.pdf,https://shoval-haifa.webzsites.site/#priceListD,מבנה 13,2026-07-29,B13-A20
1,14,1,229,4-P,5.5,140.38,24.24,כן,9.91,2,מערב/דרום,"1,985,525 ₪",https://shoval-haifa.webzsites.site/wp-content/themes/shoval-haifa/data/14/%D7%93%D7%99%D7%A8%D7%95%D7%AA/%D7%9E%D7%A9%D7%AA%D7%9B%D7%9F%2014/1.pdf,https://shoval-haifa.webzsites.site/wp-content/themes/shoval-haifa/data/14/%D7%A7%D7%95%D7%9E%D7%95%D7%AA/1.pdf,https://shoval-haifa.webzsites.site/#priceListD,מבנה 14,2026-07-29,B14-A1
2,14,1,229,4-Q,4,113.71,18.41,כן,5.69,2,צפון/מזרח,"1,544,738 ₪",https://shoval-haifa.webzsites.site/wp-content/themes/shoval-haifa/data/14/%D7%93%D7%99%D7%A8%D7%95%D7%AA/%D7%9E%D7%A9%D7%AA%D7%9B%D7%9F%2014/2.pdf,https://shoval-haifa.webzsites.site/wp-content/themes/shoval-haifa/data/14/%D7%A7%D7%95%D7%9E%D7%95%D7%AA/1.pdf,https://shoval-haifa.webzsites.site/#priceListD,מבנה 14,2026-07-29,B14-A2
3,14,1,229,4-F,3,82.83,23.91,כן,5.57,2,מזרח,"1,136,566 ₪",https://shoval-haifa.webzsites.site/wp-content/themes/shoval-haifa/data/14/%D7%93%D7%99%D7%A8%D7%95%D7%AA/%D7%9E%D7%A9%D7%AA%D7%9B%D7%9F%2014/3.pdf,https://shoval-haifa.webzsites.site/wp-content/themes/shoval-haifa/data/14/%D7%A7%D7%95%D7%9E%D7%95%D7%AA/1.pdf,https://shoval-haifa.webzsites.site/#priceListD,מבנה 14,2026-07-29,B14-A3
4,14,1,229,4-G,3,83.90,23.90,כן,9.59,2,דרום/מזרח,"1,168,160 ₪",https://shoval-haifa.webzsites.site/wp-content/themes/shoval-haifa/data/14/%D7%93%D7%99%D7%A8%D7%95%D7%AA/%D7%9E%D7%A9%D7%AA%D7%9B%D7%9F%2014/4.pdf,https://shoval-haifa.webzsites.site/wp-content/themes/shoval-haifa/data/14/%D7%A7%D7%95%D7%9E%D7%95%D7%AA/1.pdf,https://shoval-haifa.webzsites.site/#priceListD,מבנה 14,2026-07-29,B14-A4
5,14,2,229,4-N,5.5,142.42,23.94,כן,9.87,2,מערב/צפון,"2,021,652 ₪",https://shoval-haifa.webzsites.site/wp-content/themes/shoval-haifa/data/14/%D7%93%D7%99%D7%A8%D7%95%D7%AA/%D7%9E%D7%A9%D7%AA%D7%9B%D7%9F%2014/5.pdf,https://shoval-haifa.webzsites.site/wp-content/themes/shoval-haifa/data/14/%D7%A7%D7%95%D7%9E%D7%95%D7%AA/2.pdf,https://shoval-haifa.webzsites.site/#priceListD,מבנה 14,2026-07-29,B14-A5
6,14,2,229,4-O,5.5,139.78,23.91,כן,9.86,2,מערב/דרום,"1,988,157 ₪",https://shoval-haifa.webzsites.site/wp-content/themes/shoval-haifa/data/14/%D7%93%D7%99%D7%A8%D7%95%D7%AA/%D7%9E%D7%A9%D7%AA%D7%9B%D7%9F%2014/6.pdf,https://shoval-haifa.webzsites.site/wp-content/themes/shoval-haifa/data/14/%D7%A7%D7%95%D7%9E%D7%95%D7%AA/2.pdf,https://shoval-haifa.webzsites.site/#priceListD,מבנה 14,2026-07-29,B14-A6
7,14,2,229,4-T,4,113.65,18.41,כן,5.69,2,צפון/מזרח,"1,553,640 ₪",https://shoval-haifa.webzsites.site/wp-content/themes/shoval-haifa/data/14/%D7%93%D7%99%D7%A8%D7%95%D7%AA/%D7%9E%D7%A9%D7%AA%D7%9B%D7%9F%2014/7.pdf,https://shoval-haifa.webzsites.site/wp-content/themes/shoval-haifa/data/14/%D7%A7%D7%95%D7%9E%D7%95%D7%AA/2.pdf,https://shoval-haifa.webzsites.site/#priceListD,מבנה 14,2026-07-29,B14-A7
8,14,2,229,4-F,3,82.83,23.91,כן,5.57,2,מזרח,"1,142,517 ₪",https://shoval-haifa.webzsites.site/wp-content/themes/shoval-haifa/data/14/%D7%93%D7%99%D7%A8%D7%95%D7%AA/%D7%9E%D7%A9%D7%AA%D7%9B%D7%9F%2014/8.pdf,https://shoval-haifa.webzsites.site/wp-content/themes/shoval-haifa/data/14/%D7%A7%D7%95%D7%9E%D7%95%D7%AA/2.pdf,https://shoval-haifa.webzsites.site/#priceListD,מבנה 14,2026-07-29,B14-A8
9,14,2,229,4-G,3,83.90,23.90,כן,9.54,2,דרום/מזרח,"1,174,039 ₪",https://shoval-haifa.webzsites.site/wp-content/themes/shoval-haifa/data/14/%D7%93%D7%99%D7%A8%D7%95%D7%AA/%D7%9E%D7%A9%D7%AA%D7%9B%D7%9F%2014/9.pdf,https://shoval-haifa.webzsites.site/wp-content/themes/shoval-haifa/data/14/%D7%A7%D7%95%D7%9E%D7%95%D7%AA/2.pdf,https://shoval-haifa.webzsites.site/#priceListD,מבנה 14,2026-07-29,B14-A9
10,14,3,229,4-N,5.5,142.42,23.94,כן,9.81,2,מערב/צפון,"2,033,386 ₪",https://shoval-haifa.webzsites.site/wp-content/themes/shoval-haifa/data/14/%D7%93%D7%99%D7%A8%D7%95%D7%AA/%D7%9E%D7%A9%D7%AA%D7%9B%D7%9F%2014/10.pdf,https://shoval-haifa.webzsites.site/wp-content/themes/shoval-haifa/data/14/%D7%A7%D7%95%D7%9E%D7%95%D7%AA/3.pdf,https://shoval-haifa.webzsites.site/#priceListD,מבנה 14,2026-07-29,B14-A10
11,14,3,229,4-O,5.5,139.78,23.91,כן,9.75,2,מערב/דרום,"1,999,418 ₪",https://shoval-haifa.webzsites.site/wp-content/themes/shoval-haifa/data/14/%D7%93%D7%99%D7%A8%D7%95%D7%AA/%D7%9E%D7%A9%D7%AA%D7%9B%D7%9F%2014/11.pdf,https://shoval-haifa.webzsites.site/wp-content/themes/shoval-haifa/data/14/%D7%A7%D7%95%D7%9E%D7%95%D7%AA/3.pdf,https://shoval-haifa.webzsites.site/#priceListD,מבנה 14,2026-07-29,B14-A11
12,14,3,229,4-T,4,113.65,18.41,כן,5.69,2,צפון/מזרח,"1,563,294 ₪",https://shoval-haifa.webzsites.site/wp-content/themes/shoval-haifa/data/14/%D7%93%D7%99%D7%A8%D7%95%D7%AA/%D7%9E%D7%A9%D7%AA%D7%9B%D7%9F%2014/12.pdf,https://shoval-haifa.webzsites.site/wp-content/themes/shoval-haifa/data/14/%D7%A7%D7%95%D7%9E%D7%95%D7%AA/3.pdf,https://shoval-haifa.webzsites.site/#priceListD,מבנה 14,2026-07-29,B14-A12
13,14,3,229,4-F,3,82.83,23.91,כן,5.57,2,מזרח,"1,148,468 ₪",https://shoval-haifa.webzsites.site/wp-content/themes/shoval-haifa/data/14/%D7%93%D7%99%D7%A8%D7%95%D7%AA/%D7%9E%D7%A9%D7%AA%D7%9B%D7%9F%2014/13.pdf,https://shoval-haifa.webzsites.site/wp-content/themes/shoval-haifa/data/14/%D7%A7%D7%95%D7%9E%D7%95%D7%AA/3.pdf,https://shoval-haifa.webzsites.site/#priceListD,מבנה 14,2026-07-29,B14-A13
14,14,3,229,4-G,3,83.90,23.90,כן,9.54,2,דרום/מזרח,"1,180,154 ₪",https://shoval-haifa.webzsites.site/wp-content/themes/shoval-haifa/data/14/%D7%93%D7%99%D7%A8%D7%95%D7%AA/%D7%9E%D7%A9%D7%AA%D7%9B%D7%9F%2014/14.pdf,https://shoval-haifa.webzsites.site/wp-content/themes/shoval-haifa/data/14/%D7%A7%D7%95%D7%9E%D7%95%D7%AA/3.pdf,https://shoval-haifa.webzsites.site/#priceListD,מבנה 14,2026-07-29,B14-A14
15,14,4,229,4-N,5.5,142.42,23.94,כן,9.70,2,מערב/צפון,"2,044,816 ₪",https://shoval-haifa.webzsites.site/wp-content/themes/shoval-haifa/data/14/%D7%93%D7%99%D7%A8%D7%95%D7%AA/%D7%9E%D7%A9%D7%AA%D7%9B%D7%9F%2014/15.pdf,https://shoval-haifa.webzsites.site/wp-content/themes/shoval-haifa/data/14/%D7%A7%D7%95%D7%9E%D7%95%D7%AA/4.pdf,https://shoval-haifa.webzsites.site/#priceListD,מבנה 14,2026-07-29,B14-A15
16,14,4,229,4-O,5.5,139.78,23.91,כן,9.75,2,מערב/דרום,"2,011,332 ₪",https://shoval-haifa.webzsites.site/wp-content/themes/shoval-haifa/data/14/%D7%93%D7%99%D7%A8%D7%95%D7%AA/%D7%9E%D7%A9%D7%AA%D7%9B%D7%9F%2014/16.pdf,https://shoval-haifa.webzsites.site/wp-content/themes/shoval-haifa/data/14/%D7%A7%D7%95%D7%9E%D7%95%D7%AA/4.pdf,https://shoval-haifa.webzsites.site/#priceListD,מבנה 14,2026-07-29,B14-A16
17,14,4,229,4-T,4,113.65,18.41,כן,5.69,2,צפון/מזרח,"1,572,949 ₪",https://shoval-haifa.webzsites.site/wp-content/themes/shoval-haifa/data/14/%D7%93%D7%99%D7%A8%D7%95%D7%AA/%D7%9E%D7%A9%D7%AA%D7%9B%D7%9F%2014/17.pdf,https://shoval-haifa.webzsites.site/wp-content/themes/shoval-haifa/data/14/%D7%A7%D7%95%D7%9E%D7%95%D7%AA/4.pdf,https://shoval-haifa.webzsites.site/#priceListD,מבנה 14,2026-07-29,B14-A17
18,14,4,229,4-F,3,82.83,23.91,כן,5.57,2,מזרח,"1,154,418 ₪",https://shoval-haifa.webzsites.site/wp-content/themes/shoval-haifa/data/14/%D7%93%D7%99%D7%A8%D7%95%D7%AA/%D7%9E%D7%A9%D7%AA%D7%9B%D7%9F%2014/18.pdf,https://shoval-haifa.webzsites.site/wp-content/themes/shoval-haifa/data/14/%D7%A7%D7%95%D7%9E%D7%95%D7%AA/4.pdf,https://shoval-haifa.webzsites.site/#priceListD,מבנה 14,2026-07-29,B14-A18
19,14,4,229,4-G,3,83.90,23.90,כן,9.50,2,דרום/מזרח,"1,186,077 ₪",https://shoval-haifa.webzsites.site/wp-content/themes/shoval-haifa/data/14/%D7%93%D7%99%D7%A8%D7%95%D7%AA/%D7%9E%D7%A9%D7%AA%D7%9B%D7%9F%2014/19.pdf,https://shoval-haifa.webzsites.site/wp-content/themes/shoval-haifa/data/14/%D7%A7%D7%95%D7%9E%D7%95%D7%AA/4.pdf,https://shoval-haifa.webzsites.site/#priceListD,מבנה 14,2026-07-29,B14-A19
20,14,5,229,4-N,5.5,142.42,23.94,כן,8.46,2,מערב/צפון,"2,049,427 ₪",https://shoval-haifa.webzsites.site/wp-content/themes/shoval-haifa/data/14/%D7%93%D7%99%D7%A8%D7%95%D7%AA/%D7%9E%D7%A9%D7%AA%D7%9B%D7%9F%2014/20.pdf,https://shoval-haifa.webzsites.site/wp-content/themes/shoval-haifa/data/14/%D7%A7%D7%95%D7%9E%D7%95%D7%AA/5.pdf,https://shoval-haifa.webzsites.site/#priceListD,מבנה 14,2026-07-29,B14-A20
21,14,5,229,4-O,5.5,139.78,23.91,כן,9.71,2,מערב/דרום,"2,023,005 ₪",https://shoval-haifa.webzsites.site/wp-content/themes/shoval-haifa/data/14/%D7%93%D7%99%D7%A8%D7%95%D7%AA/%D7%9E%D7%A9%D7%AA%D7%9B%D7%9F%2014/21.pdf,https://shoval-haifa.webzsites.site/wp-content/themes/shoval-haifa/data/14/%D7%A7%D7%95%D7%9E%D7%95%D7%AA/5.pdf,https://shoval-haifa.webzsites.site/#priceListD,מבנה 14,2026-07-29,B14-A21
22,14,5,229,4-T,4,113.65,18.41,כן,5.69,2,צפון/מזרח,"1,582,603 ₪",https://shoval-haifa.webzsites.site/wp-content/themes/shoval-haifa/data/14/%D7%93%D7%99%D7%A8%D7%95%D7%AA/%D7%9E%D7%A9%D7%AA%D7%9B%D7%9F%2014/22.pdf,https://shoval-haifa.webzsites.site/wp-content/themes/shoval-haifa/data/14/%D7%A7%D7%95%D7%9E%D7%95%D7%AA/5.pdf,https://shoval-haifa.webzsites.site/#priceListD,מבנה 14,2026-07-29,B14-A22
23,14,5,229,4-F,3,82.83,23.91,כן,5.57,2,מזרח,"1,160,369 ₪",https://shoval-haifa.webzsites.site/wp-content/themes/shoval-haifa/data/14/%D7%93%D7%99%D7%A8%D7%95%D7%AA/%D7%9E%D7%A9%D7%AA%D7%9B%D7%9F%2014/23.pdf,https://shoval-haifa.webzsites.site/wp-content/themes/shoval-haifa/data/14/%D7%A7%D7%95%D7%9E%D7%95%D7%AA/5.pdf,https://shoval-haifa.webzsites.site/#priceListD,מבנה 14,2026-07-29,B14-A23
24,14,5,229,4-G,3,83.90,23.90,כן,9.48,2,דרום/מזרח,"1,192,094 ₪",https://shoval-haifa.webzsites.site/wp-content/themes/shoval-haifa/data/14/%D7%93%D7%99%D7%A8%D7%95%D7%AA/%D7%9E%D7%A9%D7%AA%D7%9B%D7%9F%2014/24.pdf,https://shoval-haifa.webzsites.site/wp-content/themes/shoval-haifa/data/14/%D7%A7%D7%95%D7%9E%D7%95%D7%AA/5.pdf,https://shoval-haifa.webzsites.site/#priceListD,מבנה 14,2026-07-29,B14-A24
25,14,6,229,4-N,5.5,142.42,23.94,כן,8.44,2,מערב/צפון,"2,061,354 ₪",https://shoval-haifa.webzsites.site/wp-content/themes/shoval-haifa/data/14/%D7%93%D7%99%D7%A8%D7%95%D7%AA/%D7%9E%D7%A9%D7%AA%D7%9B%D7%9F%2014/25.pdf,https://shoval-haifa.webzsites.site/wp-content/themes/shoval-haifa/data/14/%D7%A7%D7%95%D7%9E%D7%95%D7%AA/6.pdf,https://shoval-haifa.webzsites.site/#priceListD,מבנה 14,2026-07-29,B14-A25
26,14,6,229,4-O,5.5,139.78,23.91,כן,9.69,2,מערב/דרום,"2,034,796 ₪",https://shoval-haifa.webzsites.site/wp-content/themes/shoval-haifa/data/14/%D7%93%D7%99%D7%A8%D7%95%D7%AA/%D7%9E%D7%A9%D7%AA%D7%9B%D7%9F%2014/26.pdf,https://shoval-haifa.webzsites.site/wp-content/themes/shoval-haifa/data/14/%D7%A7%D7%95%D7%9E%D7%95%D7%AA/6.pdf,https://shoval-haifa.webzsites.site/#priceListD,מבנה 14,2026-07-29,B14-A26
27,14,6,229,4-T,4,113.65,18.41,כן,5.69,2,צפון/מזרח,"1,592,257 ₪",https://shoval-haifa.webzsites.site/wp-content/themes/shoval-haifa/data/14/%D7%93%D7%99%D7%A8%D7%95%D7%AA/%D7%9E%D7%A9%D7%AA%D7%9B%D7%9F%2014/27.pdf,https://shoval-haifa.webzsites.site/wp-content/themes/shoval-haifa/data/14/%D7%A7%D7%95%D7%9E%D7%95%D7%AA/6.pdf,https://shoval-haifa.webzsites.site/#priceListD,מבנה 14,2026-07-29,B14-A27
28,14,6,229,4-F,3,82.83,23.91,כן,5.57,2,מזרח,"1,166,319 ₪",https://shoval-haifa.webzsites.site/wp-content/themes/shoval-haifa/data/14/%D7%93%D7%99%D7%A8%D7%95%D7%AA/%D7%9E%D7%A9%D7%AA%D7%9B%D7%9F%2014/28.pdf,https://shoval-haifa.webzsites.site/wp-content/themes/shoval-haifa/data/14/%D7%A7%D7%95%D7%9E%D7%95%D7%AA/6.pdf,https://shoval-haifa.webzsites.site/#priceListD,מבנה 14,2026-07-29,B14-A28
29,14,6,229,4-G,3,83.90,23.90,כן,9.46,2,דרום/מזרח,"1,198,110 ₪",https://shoval-haifa.webzsites.site/wp-content/themes/shoval-haifa/data/14/%D7%93%D7%99%D7%A8%D7%95%D7%AA/%D7%9E%D7%A9%D7%AA%D7%9B%D7%9F%2014/29.pdf,https://shoval-haifa.webzsites.site/wp-content/themes/shoval-haifa/data/14/%D7%A7%D7%95%D7%9E%D7%95%D7%AA/6.pdf,https://shoval-haifa.webzsites.site/#priceListD,מבנה 14,2026-07-29,B14-A29
30,14,7,229,4-N,5.5,142.42,23.94,כן,5.99,2,מערב/צפון,"2,058,479 ₪",https://shoval-haifa.webzsites.site/wp-content/themes/shoval-haifa/data/14/%D7%93%D7%99%D7%A8%D7%95%D7%AA/%D7%9E%D7%A9%D7%AA%D7%9B%D7%9F%2014/30.pdf,https://shoval-haifa.webzsites.site/wp-content/themes/shoval-haifa/data/14/%D7%A7%D7%95%D7%9E%D7%95%D7%AA/7.pdf,https://shoval-haifa.webzsites.site/#priceListD,מבנה 14,2026-07-29,B14-A30
31,14,7,229,4-O,5.5,139.78,23.91,כן,9.66,2,מערב/דרום,"2,046,526 ₪",https://shoval-haifa.webzsites.site/wp-content/themes/shoval-haifa/data/14/%D7%93%D7%99%D7%A8%D7%95%D7%AA/%D7%9E%D7%A9%D7%AA%D7%9B%D7%9F%2014/31.pdf,https://shoval-haifa.webzsites.site/wp-content/themes/shoval-haifa/data/14/%D7%A7%D7%95%D7%9E%D7%95%D7%AA/7.pdf,https://shoval-haifa.webzsites.site/#priceListD,מבנה 14,2026-07-29,B14-A31
32,14,7,229,4-T,4,113.65,18.41,כן,5.69,2,צפון/מזרח,"1,601,912 ₪",https://shoval-haifa.webzsites.site/wp-content/themes/shoval-haifa/data/14/%D7%93%D7%99%D7%A8%D7%95%D7%AA/%D7%9E%D7%A9%D7%AA%D7%9B%D7%9F%2014/32.pdf,https://shoval-haifa.webzsites.site/wp-content/themes/shoval-haifa/data/14/%D7%A7%D7%95%D7%9E%D7%95%D7%AA/7.pdf,https://shoval-haifa.webzsites.site/#priceListD,מבנה 14,2026-07-29,B14-A32
33,14,7,229,4-F,3,82.83,23.91,כן,5.57,2,מזרח,"1,172,270 ₪",https://shoval-haifa.webzsites.site/wp-content/themes/shoval-haifa/data/14/%D7%93%D7%99%D7%A8%D7%95%D7%AA/%D7%9E%D7%A9%D7%AA%D7%9B%D7%9F%2014/33.pdf,https://shoval-haifa.webzsites.site/wp-content/themes/shoval-haifa/data/14/%D7%A7%D7%95%D7%9E%D7%95%D7%AA/7.pdf,https://shoval-haifa.webzsites.site/#priceListD,מבנה 14,2026-07-29,B14-A33
34,14,7,229,4-G,3,83.90,23.90,כן,9.42,2,דרום/מזרח,"1,205,035 ₪",https://shoval-haifa.webzsites.site/wp-content/themes/shoval-haifa/data/14/%D7%93%D7%99%D7%A8%D7%95%D7%AA/%D7%9E%D7%A9%D7%AA%D7%9B%D7%9F%2014/34.pdf,https://shoval-haifa.webzsites.site/wp-content/themes/shoval-haifa/data/14/%D7%A7%D7%95%D7%9E%D7%95%D7%AA/7.pdf,https://shoval-haifa.webzsites.site/#priceListD,מבנה 14,2026-07-29,B14-A34
35,14,8,229,4-N,5.5,142.42,23.94,כן,8.24,2,מערב/צפון,"2,084,225 ₪",https://shoval-haifa.webzsites.site/wp-content/themes/shoval-haifa/data/14/%D7%93%D7%99%D7%A8%D7%95%D7%AA/%D7%9E%D7%A9%D7%AA%D7%9B%D7%9F%2014/35.pdf,https://shoval-haifa.webzsites.site/wp-content/themes/shoval-haifa/data/14/%D7%A7%D7%95%D7%9E%D7%95%D7%AA/8.pdf,https://shoval-haifa.webzsites.site/#priceListD,מבנה 14,2026-07-29,B14-A35
36,14,8,229,4-O,5.5,139.78,23.91,כן,9.66,2,מערב/דרום,"2,058,437 ₪",https://shoval-haifa.webzsites.site/wp-content/themes/shoval-haifa/data/14/%D7%93%D7%99%D7%A8%D7%95%D7%AA/%D7%9E%D7%A9%D7%AA%D7%9B%D7%9F%2014/36.pdf,https://shoval-haifa.webzsites.site/wp-content/themes/shoval-haifa/data/14/%D7%A7%D7%95%D7%9E%D7%95%D7%AA/8.pdf,https://shoval-haifa.webzsites.site/#priceListD,מבנה 14,2026-07-29,B14-A36
37,14,8,229,4-T,4,113.65,18.41,כן,5.69,2,צפון/מזרח,"1,611,566 ₪",https://shoval-haifa.webzsites.site/wp-content/themes/shoval-haifa/data/14/%D7%93%D7%99%D7%A8%D7%95%D7%AA/%D7%9E%D7%A9%D7%AA%D7%9B%D7%9F%2014/37.pdf,https://shoval-haifa.webzsites.site/wp-content/themes/shoval-haifa/data/14/%D7%A7%D7%95%D7%9E%D7%95%D7%AA/8.pdf,https://shoval-haifa.webzsites.site/#priceListD,מבנה 14,2026-07-29,B14-A37
38,14,8,229,4-F,3,82.83,23.91,כן,5.57,2,מזרח,"1,178,221 ₪",https://shoval-haifa.webzsites.site/wp-content/themes/shoval-haifa/data/14/%D7%93%D7%99%D7%A8%D7%95%D7%AA/%D7%9E%D7%A9%D7%AA%D7%9B%D7%9F%2014/38.pdf,https://shoval-haifa.webzsites.site/wp-content/themes/shoval-haifa/data/14/%D7%A7%D7%95%D7%9E%D7%95%D7%AA/8.pdf,https://shoval-haifa.webzsites.site/#priceListD,מבנה 14,2026-07-29,B14-A38
39,14,8,229,4-G,3,83.90,23.90,כן,9.34,2,דרום/מזרח,"1,212,185 ₪",https://shoval-haifa.webzsites.site/wp-content/themes/shoval-haifa/data/14/%D7%93%D7%99%D7%A8%D7%95%D7%AA/%D7%9E%D7%A9%D7%AA%D7%9B%D7%9F%2014/39.pdf,https://shoval-haifa.webzsites.site/wp-content/themes/shoval-haifa/data/14/%D7%A7%D7%95%D7%9E%D7%95%D7%AA/8.pdf,https://shoval-haifa.webzsites.site/#priceListD,מבנה 14,2026-07-29,B14-A39
40,14,9,229,4-N,5.5,142.42,23.94,כן,8.21,2,מערב/צפון,"2,096,082 ₪",https://shoval-haifa.webzsites.site/wp-content/themes/shoval-haifa/data/14/%D7%93%D7%99%D7%A8%D7%95%D7%AA/%D7%9E%D7%A9%D7%AA%D7%9B%D7%9F%2014/40.pdf,https://shoval-haifa.webzsites.site/wp-content/themes/shoval-haifa/data/14/%D7%A7%D7%95%D7%9E%D7%95%D7%AA/9.pdf,https://shoval-haifa.webzsites.site/#priceListD,מבנה 14,2026-07-29,B14-A40
41,14,9,229,4-O,5.5,139.78,23.91,כן,9.64,2,מערב/דרום,"2,070,225 ₪",https://shoval-haifa.webzsites.site/wp-content/themes/shoval-haifa/data/14/%D7%93%D7%99%D7%A8%D7%95%D7%AA/%D7%9E%D7%A9%D7%AA%D7%9B%D7%9F%2014/41.pdf,https://shoval-haifa.webzsites.site/wp-content/themes/shoval-haifa/data/14/%D7%A7%D7%95%D7%9E%D7%95%D7%AA/9.pdf,https://shoval-haifa.webzsites.site/#priceListD,מבנה 14,2026-07-29,B14-A41
42,14,9,229,4-T,4,113.65,18.41,כן,5.69,2,צפון/מזרח,"1,621,220 ₪",https://shoval-haifa.webzsites.site/wp-content/themes/shoval-haifa/data/14/%D7%93%D7%99%D7%A8%D7%95%D7%AA/%D7%9E%D7%A9%D7%AA%D7%9B%D7%9F%2014/42.pdf,https://shoval-haifa.webzsites.site/wp-content/themes/shoval-haifa/data/14/%D7%A7%D7%95%D7%9E%D7%95%D7%AA/9.pdf,https://shoval-haifa.webzsites.site/#priceListD,מבנה 14,2026-07-29,B14-A42
43,14,9,229,4-F,3,82.83,23.91,כן,5.57,2,מזרח,"1,184,171 ₪",https://shoval-haifa.webzsites.site/wp-content/themes/shoval-haifa/data/14/%D7%93%D7%99%D7%A8%D7%95%D7%AA/%D7%9E%D7%A9%D7%AA%D7%9B%D7%9F%2014/43.pdf,https://shoval-haifa.webzsites.site/wp-content/themes/shoval-haifa/data/14/%D7%A7%D7%95%D7%9E%D7%95%D7%AA/9.pdf,https://shoval-haifa.webzsites.site/#priceListD,מבנה 14,2026-07-29,B14-A43
44,14,9,229,4-G,3,83.90,23.90,כן,9.34,2,דרום/מזרח,"1,219,822 ₪",https://shoval-haifa.webzsites.site/wp-content/themes/shoval-haifa/data/14/%D7%93%D7%99%D7%A8%D7%95%D7%AA/%D7%9E%D7%A9%D7%AA%D7%9B%D7%9F%2014/44.pdf,https://shoval-haifa.webzsites.site/wp-content/themes/shoval-haifa/data/14/%D7%A7%D7%95%D7%9E%D7%95%D7%AA/9.pdf,https://shoval-haifa.webzsites.site/#priceListD,מבנה 14,2026-07-29,B14-A44
45,14,10,229,4-N,5.5,142.42,23.94,כן,8.07,2,מערב/צפון,"2,107,257 ₪",https://shoval-haifa.webzsites.site/wp-content/themes/shoval-haifa/data/14/%D7%93%D7%99%D7%A8%D7%95%D7%AA/%D7%9E%D7%A9%D7%AA%D7%9B%D7%9F%2014/45.pdf,https://shoval-haifa.webzsites.site/wp-content/themes/shoval-haifa/data/14/%D7%A7%D7%95%D7%9E%D7%95%D7%AA/10.pdf,https://shoval-haifa.webzsites.site/#priceListD,מבנה 14,2026-07-29,B14-A45
46,14,10,229,4-O,5.5,139.78,23.91,כן,9.61,2,מערב/דרום,"2,081,950 ₪",https://shoval-haifa.webzsites.site/wp-content/themes/shoval-haifa/data/14/%D7%93%D7%99%D7%A8%D7%95%D7%AA/%D7%9E%D7%A9%D7%AA%D7%9B%D7%9F%2014/46.pdf,https://shoval-haifa.webzsites.site/wp-content/themes/shoval-haifa/data/14/%D7%A7%D7%95%D7%9E%D7%95%D7%AA/10.pdf,https://shoval-haifa.webzsites.site/#priceListD,מבנה 14,2026-07-29,B14-A46
47,14,10,229,4-T,4,113.65,18.41,כן,5.69,2,צפון/מזרח,"1,630,875 ₪",https://shoval-haifa.webzsites.site/wp-content/themes/shoval-haifa/data/14/%D7%93%D7%99%D7%A8%D7%95%D7%AA/%D7%9E%D7%A9%D7%AA%D7%9B%D7%9F%2014/47.pdf,https://shoval-haifa.webzsites.site/wp-content/themes/shoval-haifa/data/14/%D7%A7%D7%95%D7%9E%D7%95%D7%AA/10.pdf,https://shoval-haifa.webzsites.site/#priceListD,מבנה 14,2026-07-29,B14-A47
48,14,10,229,4-F,3,82.83,23.91,כן,5.57,2,מזרח,"1,190,122 ₪",https://shoval-haifa.webzsites.site/wp-content/themes/shoval-haifa/data/14/%D7%93%D7%99%D7%A8%D7%95%D7%AA/%D7%9E%D7%A9%D7%AA%D7%9B%D7%9F%2014/48.pdf,https://shoval-haifa.webzsites.site/wp-content/themes/shoval-haifa/data/14/%D7%A7%D7%95%D7%9E%D7%95%D7%AA/10.pdf,https://shoval-haifa.webzsites.site/#priceListD,מבנה 14,2026-07-29,B14-A48
49,14,10,229,4-G,3,83.90,23.90,כן,9.33,2,דרום/מזרח,"1,227,398 ₪",https://shoval-haifa.webzsites.site/wp-content/themes/shoval-haifa/data/14/%D7%93%D7%99%D7%A8%D7%95%D7%AA/%D7%9E%D7%A9%D7%AA%D7%9B%D7%9F%2014/49.pdf,https://shoval-haifa.webzsites.site/wp-content/themes/shoval-haifa/data/14/%D7%A7%D7%95%D7%9E%D7%95%D7%AA/10.pdf,https://shoval-haifa.webzsites.site/#priceListD,מבנה 14,2026-07-29,B14-A49
50,14,11,229,4-N,5.5,142.42,23.94,כן,7.50,2,מערב/צפון,"2,103,732 ₪",https://shoval-haifa.webzsites.site/wp-content/themes/shoval-haifa/data/14/%D7%93%D7%99%D7%A8%D7%95%D7%AA/%D7%9E%D7%A9%D7%AA%D7%9B%D7%9F%2014/50.pdf,https://shoval-haifa.webzsites.site/wp-content/themes/shoval-haifa/data/14/%D7%A7%D7%95%D7%9E%D7%95%D7%AA/11.pdf,https://shoval-haifa.webzsites.site/#priceListD,מבנה 14,2026-07-29,B14-A50
51,14,11,229,4-O,5.5,139.78,23.91,כן,8.46,2,מערב/דרום,"2,074,839 ₪",https://shoval-haifa.webzsites.site/wp-content/themes/shoval-haifa/data/14/%D7%93%D7%99%D7%A8%D7%95%D7%AA/%D7%9E%D7%A9%D7%AA%D7%9B%D7%9F%2014/51.pdf,https://shoval-haifa.webzsites.site/wp-content/themes/shoval-haifa/data/14/%D7%A7%D7%95%D7%9E%D7%95%D7%AA/11.pdf,https://shoval-haifa.webzsites.site/#priceListD,מבנה 14,2026-07-29,B14-A51
52,14,11,229,4-T,4,113.65,18.41,כן,5.69,2,צפון/מזרח,"1,630,875 ₪",https://shoval-haifa.webzsites.site/wp-content/themes/shoval-haifa/data/14/%D7%93%D7%99%D7%A8%D7%95%D7%AA/%D7%9E%D7%A9%D7%AA%D7%9B%D7%9F%2014/52.pdf,https://shoval-haifa.webzsites.site/wp-content/themes/shoval-haifa/data/14/%D7%A7%D7%95%D7%9E%D7%95%D7%AA/11.pdf,https://shoval-haifa.webzsites.site/#priceListD,מבנה 14,2026-07-29,B14-A52
53,14,11,229,4-F,3,82.83,23.91,כן,5.57,2,מזרח,"1,190,122 ₪",https://shoval-haifa.webzsites.site/wp-content/themes/shoval-haifa/data/14/%D7%93%D7%99%D7%A8%D7%95%D7%AA/%D7%9E%D7%A9%D7%AA%D7%9B%D7%9F%2014/53.pdf,https://shoval-haifa.webzsites.site/wp-content/themes/shoval-haifa/data/14/%D7%A7%D7%95%D7%9E%D7%95%D7%AA/11.pdf,https://shoval-haifa.webzsites.site/#priceListD,מבנה 14,2026-07-29,B14-A53
54,14,11,229,4-G,3,83.90,23.90,כן,9.32,2,דרום/מזרח,"1,227,336 ₪",https://shoval-haifa.webzsites.site/wp-content/themes/shoval-haifa/data/14/%D7%93%D7%99%D7%A8%D7%95%D7%AA/%D7%9E%D7%A9%D7%AA%D7%9B%D7%9F%2014/54.pdf,https://shoval-haifa.webzsites.site/wp-content/themes/shoval-haifa/data/14/%D7%A7%D7%95%D7%9E%D7%95%D7%AA/11.pdf,https://shoval-haifa.webzsites.site/#priceListD,מבנה 14,2026-07-29,B14-A54
55,14,12,229,4-N,5.5,142.42,23.94,לא,10.12,2,מערב/צפון,,,https://shoval-haifa.webzsites.site/wp-content/themes/shoval-haifa/data/14/%D7%A7%D7%95%D7%9E%D7%95%D7%AA/12.pdf,https://shoval-haifa.webzsites.site/#priceListD,מבנה 14,2026-07-29,B14-A55
56,14,12,229,4-O,5.5,139.78,23.91,כן,12.37,2,מערב/דרום,"2,111,012 ₪",https://shoval-haifa.webzsites.site/wp-content/themes/shoval-haifa/data/14/%D7%93%D7%99%D7%A8%D7%95%D7%AA/%D7%9E%D7%A9%D7%AA%D7%9B%D7%9F%2014/56.pdf,https://shoval-haifa.webzsites.site/wp-content/themes/shoval-haifa/data/14/%D7%A7%D7%95%D7%9E%D7%95%D7%AA/12.pdf,https://shoval-haifa.webzsites.site/#priceListD,מבנה 14,2026-07-29,B14-A56
57,14,12,229,4-T,4,113.65,18.41,כן,5.69,2,צפון/מזרח,"1,640,529 ₪",https://shoval-haifa.webzsites.site/wp-content/themes/shoval-haifa/data/14/%D7%93%D7%99%D7%A8%D7%95%D7%AA/%D7%9E%D7%A9%D7%AA%D7%9B%D7%9F%2014/57.pdf,https://shoval-haifa.webzsites.site/wp-content/themes/shoval-haifa/data/14/%D7%A7%D7%95%D7%9E%D7%95%D7%AA/12.pdf,https://shoval-haifa.webzsites.site/#priceListD,מבנה 14,2026-07-29,B14-A57
58,14,12,229,4-F,3,82.83,23.91,כן,5.57,2,מזרח,"1,196,072 ₪",https://shoval-haifa.webzsites.site/wp-content/themes/shoval-haifa/data/14/%D7%93%D7%99%D7%A8%D7%95%D7%AA/%D7%9E%D7%A9%D7%AA%D7%9B%D7%9F%2014/58.pdf,https://shoval-haifa.webzsites.site/wp-content/themes/shoval-haifa/data/14/%D7%A7%D7%95%D7%9E%D7%95%D7%AA/12.pdf,https://shoval-haifa.webzsites.site/#priceListD,מבנה 14,2026-07-29,B14-A58
59,14,12,229,4-G,3,83.90,23.90,כן,9.32,2,דרום/מזרח,"1,234,973 ₪",https://shoval-haifa.webzsites.site/wp-content/themes/shoval-haifa/data/14/%D7%93%D7%99%D7%A8%D7%95%D7%AA/%D7%9E%D7%A9%D7%AA%D7%9B%D7%9F%2014/59.pdf,https://shoval-haifa.webzsites.site/wp-content/themes/shoval-haifa/data/14/%D7%A7%D7%95%D7%9E%D7%95%D7%AA/12.pdf,https://shoval-haifa.webzsites.site/#priceListD,מבנה 14,2026-07-29,B14-A59
60,14,13,229,4-N,5.5,142.42,23.94,לא,10.09,2,מערב/צפון,,,https://shoval-haifa.webzsites.site/wp-content/themes/shoval-haifa/data/14/%D7%A7%D7%95%D7%9E%D7%95%D7%AA/13.pdf,https://shoval-haifa.webzsites.site/#priceListD,מבנה 14,2026-07-29,B14-A60
61,14,13,229,4-O,5.5,139.78,23.91,כן,10.44,2,מערב/דרום,"2,110,954 ₪",https://shoval-haifa.webzsites.site/wp-content/themes/shoval-haifa/data/14/%D7%93%D7%99%D7%A8%D7%95%D7%AA/%D7%9E%D7%A9%D7%AA%D7%9B%D7%9F%2014/61.pdf,https://shoval-haifa.webzsites.site/wp-content/themes/shoval-haifa/data/14/%D7%A7%D7%95%D7%9E%D7%95%D7%AA/13.pdf,https://shoval-haifa.webzsites.site/#priceListD,מבנה 14,2026-07-29,B14-A61
62,14,13,229,4-T,4,113.65,18.41,כן,5.69,2,צפון/מזרח,"1,650,184 ₪",https://shoval-haifa.webzsites.site/wp-content/themes/shoval-haifa/data/14/%D7%93%D7%99%D7%A8%D7%95%D7%AA/%D7%9E%D7%A9%D7%AA%D7%9B%D7%9F%2014/62.pdf,https://shoval-haifa.webzsites.site/wp-content/themes/shoval-haifa/data/14/%D7%A7%D7%95%D7%9E%D7%95%D7%AA/13.pdf,https://shoval-haifa.webzsites.site/#priceListD,מבנה 14,2026-07-29,B14-A62
63,14,13,229,4-F,3,82.83,23.91,כן,5.57,2,מזרח,"1,202,529 ₪",https://shoval-haifa.webzsites.site/wp-content/themes/shoval-haifa/data/14/%D7%93%D7%99%D7%A8%D7%95%D7%AA/%D7%9E%D7%A9%D7%AA%D7%9B%D7%9F%2014/63.pdf,https://shoval-haifa.webzsites.site/wp-content/themes/shoval-haifa/data/14/%D7%A7%D7%95%D7%9E%D7%95%D7%AA/13.pdf,https://shoval-haifa.webzsites.site/#priceListD,מבנה 14,2026-07-29,B14-A63
64,14,13,229,4-G,3,83.90,23.90,כן,8.55,2,דרום/מזרח,"1,237,800 ₪",https://shoval-haifa.webzsites.site/wp-content/themes/shoval-haifa/data/14/%D7%93%D7%99%D7%A8%D7%95%D7%AA/%D7%9E%D7%A9%D7%AA%D7%9B%D7%9F%2014/64.pdf,https://shoval-haifa.webzsites.site/wp-content/themes/shoval-haifa/data/14/%D7%A7%D7%95%D7%9E%D7%95%D7%AA/13.pdf,https://shoval-haifa.webzsites.site/#priceListD,מבנה 14,2026-07-29,B14-A64
65,14,14,229,4-N,5.5,142.42,23.94,לא,10.07,2,מערב/צפון,,,https://shoval-haifa.webzsites.site/wp-content/themes/shoval-haifa/data/14/%D7%A7%D7%95%D7%9E%D7%95%D7%AA/14.pdf,https://shoval-haifa.webzsites.site/#priceListD,מבנה 14,2026-07-29,B14-A65
66,14,14,229,4-O,5.5,139.78,23.91,לא,10.40,2,מערב/דרום,,,https://shoval-haifa.webzsites.site/wp-content/themes/shoval-haifa/data/14/%D7%A7%D7%95%D7%9E%D7%95%D7%AA/14.pdf,https://shoval-haifa.webzsites.site/#priceListD,מבנה 14,2026-07-29,B14-A66
67,14,14,229,4-T,4,113.65,18.41,כן,5.69,2,צפון/מזרח,"1,659,838 ₪",https://shoval-haifa.webzsites.site/wp-content/themes/shoval-haifa/data/14/%D7%93%D7%99%D7%A8%D7%95%D7%AA/%D7%9E%D7%A9%D7%AA%D7%9B%D7%9F%2014/67.pdf,https://shoval-haifa.webzsites.site/wp-content/themes/shoval-haifa/data/14/%D7%A7%D7%95%D7%9E%D7%95%D7%AA/14.pdf,https://shoval-haifa.webzsites.site/#priceListD,מבנה 14,2026-07-29,B14-A67
68,14,14,229,4-F,3,82.83,23.91,כן,5.57,2,מזרח,"1,209,967 ₪",https://shoval-haifa.webzsites.site/wp-content/themes/shoval-haifa/data/14/%D7%93%D7%99%D7%A8%D7%95%D7%AA/%D7%9E%D7%A9%D7%AA%D7%9B%D7%9F%2014/68.pdf,https://shoval-haifa.webzsites.site/wp-content/themes/shoval-haifa/data/14/%D7%A7%D7%95%D7%9E%D7%95%D7%AA/14.pdf,https://shoval-haifa.webzsites.site/#priceListD,מבנה 14,2026-07-29,B14-A68
69,14,14,229,4-G,3,83.90,23.90,כן,8.65,2,דרום/מזרח,"1,246,041 ₪",https://shoval-haifa.webzsites.site/wp-content/themes/shoval-haifa/data/14/%D7%93%D7%99%D7%A8%D7%95%D7%AA/%D7%9E%D7%A9%D7%AA%D7%9B%D7%9F%2014/69.pdf,https://shoval-haifa.webzsites.site/wp-content/themes/shoval-haifa/data/14/%D7%A7%D7%95%D7%9E%D7%95%D7%AA/14.pdf,https://shoval-haifa.webzsites.site/#priceListD,מבנה 14,2026-07-29,B14-A69
70,14,15,229,4-N,5.5,142.42,23.94,לא,10.04,2,מערב/צפון,,,https://shoval-haifa.webzsites.site/wp-content/themes/shoval-haifa/data/14/%D7%A7%D7%95%D7%9E%D7%95%D7%AA/15.pdf,https://shoval-haifa.webzsites.site/#priceListD,מבנה 14,2026-07-29,B14-A70
71,14,15,229,4-O,5.5,139.78,23.91,לא,10.29,2,מערב/דרום,,,https://shoval-haifa.webzsites.site/wp-content/themes/shoval-haifa/data/14/%D7%A7%D7%95%D7%9E%D7%95%D7%AA/15.pdf,https://shoval-haifa.webzsites.site/#priceListD,מבנה 14,2026-07-29,B14-A71
72,14,15,229,4-T,4,113.65,18.41,כן,5.69,2,צפון/מזרח,"1,669,492 ₪",https://shoval-haifa.webzsites.site/wp-content/themes/shoval-haifa/data/14/%D7%93%D7%99%D7%A8%D7%95%D7%AA/%D7%9E%D7%A9%D7%AA%D7%9B%D7%9F%2014/72.pdf,https://shoval-haifa.webzsites.site/wp-content/themes/shoval-haifa/data/14/%D7%A7%D7%95%D7%9E%D7%95%D7%AA/15.pdf,https://shoval-haifa.webzsites.site/#priceListD,מבנה 14,2026-07-29,B14-A72
73,14,15,229,4-F,3,82.83,23.91,כן,5.57,2,מזרח,"1,217,405 ₪",https://shoval-haifa.webzsites.site/wp-content/themes/shoval-haifa/data/14/%D7%93%D7%99%D7%A8%D7%95%D7%AA/%D7%9E%D7%A9%D7%AA%D7%9B%D7%9F%2014/73.pdf,https://shoval-haifa.webzsites.site/wp-content/themes/shoval-haifa/data/14/%D7%A7%D7%95%D7%9E%D7%95%D7%AA/15.pdf,https://shoval-haifa.webzsites.site/#priceListD,מבנה 14,2026-07-29,B14-A73
74,14,15,229,4-G,3,83.90,23.90,כן,8.89,2,דרום/מזרח,"1,255,171 ₪",https://shoval-haifa.webzsites.site/wp-content/themes/shoval-haifa/data/14/%D7%93%D7%99%D7%A8%D7%95%D7%AA/%D7%9E%D7%A9%D7%AA%D7%9B%D7%9F%2014/74.pdf,https://shoval-haifa.webzsites.site/wp-content/themes/shoval-haifa/data/14/%D7%A7%D7%95%D7%9E%D7%95%D7%AA/15.pdf,https://shoval-haifa.webzsites.site/#priceListD,מבנה 14,2026-07-29,B14-A74
75,14,16,229,4-N,5.5,142.42,23.94,לא,9.92,2,מערב/צפון,,,https://shoval-haifa.webzsites.site/wp-content/themes/shoval-haifa/data/14/%D7%A7%D7%95%D7%9E%D7%95%D7%AA/16.pdf,https://shoval-haifa.webzsites.site/#priceListD,מבנה 14,2026-07-29,B14-A75
76,14,16,229,4-O,5.5,139.78,23.91,לא,10.02,2,מערב/דרום,,,https://shoval-haifa.webzsites.site/wp-content/themes/shoval-haifa/data/14/%D7%A7%D7%95%D7%9E%D7%95%D7%AA/16.pdf,https://shoval-haifa.webzsites.site/#priceListD,מבנה 14,2026-07-29,B14-A76
77,14,16,229,4-T,4,113.65,18.41,כן,5.69,2,צפון/מזרח,"1,679,147 ₪",https://shoval-haifa.webzsites.site/wp-content/themes/shoval-haifa/data/14/%D7%93%D7%99%D7%A8%D7%95%D7%AA/%D7%9E%D7%A9%D7%AA%D7%9B%D7%9F%2014/77.pdf,https://shoval-haifa.webzsites.site/wp-content/themes/shoval-haifa/data/14/%D7%A7%D7%95%D7%9E%D7%95%D7%AA/16.pdf,https://shoval-haifa.webzsites.site/#priceListD,מבנה 14,2026-07-29,B14-A77
78,14,16,229,4-F,3,82.83,23.91,כן,5.57,2,מזרח,"1,224,844 ₪",https://shoval-haifa.webzsites.site/wp-content/themes/shoval-haifa/data/14/%D7%93%D7%99%D7%A8%D7%95%D7%AA/%D7%9E%D7%A9%D7%AA%D7%9B%D7%9F%2014/78.pdf,https://shoval-haifa.webzsites.site/wp-content/themes/shoval-haifa/data/14/%D7%A7%D7%95%D7%9E%D7%95%D7%AA/16.pdf,https://shoval-haifa.webzsites.site/#priceListD,מבנה 14,2026-07-29,B14-A78
79,14,16,229,4-G,3,83.90,23.90,כן,9.15,2,דרום/מזרח,"1,264,442 ₪",https://shoval-haifa.webzsites.site/wp-content/themes/shoval-haifa/data/14/%D7%93%D7%99%D7%A8%D7%95%D7%AA/%D7%9E%D7%A9%D7%AA%D7%9B%D7%9F%2014/79.pdf,https://shoval-haifa.webzsites.site/wp-content/themes/shoval-haifa/data/14/%D7%A7%D7%95%D7%9E%D7%95%D7%AA/16.pdf,https://shoval-haifa.webzsites.site/#priceListD,מבנה 14,2026-07-29,B14-A79
80,14,17,229,4-N,5.5,142.42,23.94,לא,9.60,2,מערב/צפון,,,https://shoval-haifa.webzsites.site/wp-content/themes/shoval-haifa/data/14/%D7%A7%D7%95%D7%9E%D7%95%D7%AA/17.pdf,https://shoval-haifa.webzsites.site/#priceListD,מבנה 14,2026-07-29,B14-A80
81,14,17,229,4-O,5.5,139.78,23.91,לא,9.94,2,מערב/דרום,,,https://shoval-haifa.webzsites.site/wp-content/themes/shoval-haifa/data/14/%D7%A7%D7%95%D7%9E%D7%95%D7%AA/17.pdf,https://shoval-haifa.webzsites.site/#priceListD,מבנה 14,2026-07-29,B14-A81
82,14,17,229,4-T,4,113.65,18.41,כן,5.69,2,צפון/מזרח,"1,688,801 ₪",https://shoval-haifa.webzsites.site/wp-content/themes/shoval-haifa/data/14/%D7%93%D7%99%D7%A8%D7%95%D7%AA/%D7%9E%D7%A9%D7%AA%D7%9B%D7%9F%2014/82.pdf,https://shoval-haifa.webzsites.site/wp-content/themes/shoval-haifa/data/14/%D7%A7%D7%95%D7%9E%D7%95%D7%AA/17.pdf,https://shoval-haifa.webzsites.site/#priceListD,מבנה 14,2026-07-29,B14-A82
83,14,17,229,4-F,3,82.83,23.91,כן,5.57,2,מזרח,"1,232,282 ₪",https://shoval-haifa.webzsites.site/wp-content/themes/shoval-haifa/data/14/%D7%93%D7%99%D7%A8%D7%95%D7%AA/%D7%9E%D7%A9%D7%AA%D7%9B%D7%9F%2014/83.pdf,https://shoval-haifa.webzsites.site/wp-content/themes/shoval-haifa/data/14/%D7%A7%D7%95%D7%9E%D7%95%D7%AA/17.pdf,https://shoval-haifa.webzsites.site/#priceListD,מבנה 14,2026-07-29,B14-A83
84,14,17,229,4-G,3,83.90,23.90,כן,9.18,2,דרום/מזרח,"1,272,264 ₪",https://shoval-haifa.webzsites.site/wp-content/themes/shoval-haifa/data/14/%D7%93%D7%99%D7%A8%D7%95%D7%AA/%D7%9E%D7%A9%D7%AA%D7%9B%D7%9F%2014/84.pdf,https://shoval-haifa.webzsites.site/wp-content/themes/shoval-haifa/data/14/%D7%A7%D7%95%D7%9E%D7%95%D7%AA/17.pdf,https://shoval-haifa.webzsites.site/#priceListD,מבנה 14,2026-07-29,B14-A84
85,14,18,229,4-N,5.5,142.42,23.94,לא,9.92,2,מערב/צפון,,,https://shoval-haifa.webzsites.site/wp-content/themes/shoval-haifa/data/14/%D7%A7%D7%95%D7%9E%D7%95%D7%AA/18.pdf,https://shoval-haifa.webzsites.site/#priceListD,מבנה 14,2026-07-29,B14-A85
86,14,18,229,4-O,5.5,139.78,23.91,לא,9.94,2,מערב/דרום,,,https://shoval-haifa.webzsites.site/wp-content/themes/shoval-haifa/data/14/%D7%A7%D7%95%D7%9E%D7%95%D7%AA/18.pdf,https://shoval-haifa.webzsites.site/#priceListD,מבנה 14,2026-07-29,B14-A86
87,14,18,229,4-T-1,4,113.65,18.41,כן,5.69,2,צפון/מזרח,"1,698,455 ₪",https://shoval-haifa.webzsites.site/wp-content/themes/shoval-haifa/data/14/%D7%93%D7%99%D7%A8%D7%95%D7%AA/%D7%9E%D7%A9%D7%AA%D7%9B%D7%9F%2014/87.pdf,https://shoval-haifa.webzsites.site/wp-content/themes/shoval-haifa/data/14/%D7%A7%D7%95%D7%9E%D7%95%D7%AA/18.pdf,https://shoval-haifa.webzsites.site/#priceListD,מבנה 14,2026-07-29,B14-A87
88,14,18,229,4-F,3,82.83,23.91,כן,5.57,2,מזרח,"1,239,720 ₪",https://shoval-haifa.webzsites.site/wp-content/themes/shoval-haifa/data/14/%D7%93%D7%99%D7%A8%D7%95%D7%AA/%D7%9E%D7%A9%D7%AA%D7%9B%D7%9F%2014/88.pdf,https://shoval-haifa.webzsites.site/wp-content/themes/shoval-haifa/data/14/%D7%A7%D7%95%D7%9E%D7%95%D7%AA/18.pdf,https://shoval-haifa.webzsites.site/#priceListD,מבנה 14,2026-07-29,B14-A88
89,14,18,229,4-G-1,3,83.90,23.90,כן,9.26,2,דרום/מזרח,"1,280,409 ₪",https://shoval-haifa.webzsites.site/wp-content/themes/shoval-haifa/data/14/%D7%93%D7%99%D7%A8%D7%95%D7%AA/%D7%9E%D7%A9%D7%AA%D7%9B%D7%9F%2014/89.pdf,https://shoval-haifa.webzsites.site/wp-content/themes/shoval-haifa/data/14/%D7%A7%D7%95%D7%9E%D7%95%D7%AA/18.pdf,https://shoval-haifa.webzsites.site/#priceListD,מבנה 14,2026-07-29,B14-A89
90,14,19,229,4-H,6,186.47,97.36,לא,8.92,2,מערב/צפון/מזרח,,,https://shoval-haifa.webzsites.site/wp-content/themes/shoval-haifa/data/14/%D7%A7%D7%95%D7%9E%D7%95%D7%AA/19.pdf,https://shoval-haifa.webzsites.site/#priceListD,מבנה 14,2026-07-29,B14-A90
91,14,19,229,4-I,5,182.68,88.89,לא,5.47,2,מערב/דרום/מזרח,,,https://shoval-haifa.webzsites.site/wp-content/themes/shoval-haifa/data/14/%D7%A7%D7%95%D7%9E%D7%95%D7%AA/19.pdf,https://shoval-haifa.webzsites.site/#priceListD,מבנה 14,2026-07-29,B14-A91
92,14,19,229,4-F,3,82.83,23.91,כן,5.44,2,מזרח,"1,246,322 ₪",https://shoval-haifa.webzsites.site/wp-content/themes/shoval-haifa/data/14/%D7%93%D7%99%D7%A8%D7%95%D7%AA/%D7%9E%D7%A9%D7%AA%D7%9B%D7%9F%2014/92.pdf,https://shoval-haifa.webzsites.site/wp-content/themes/shoval-haifa/data/14/%D7%A7%D7%95%D7%9E%D7%95%D7%AA/19.pdf,https://shoval-haifa.webzsites.site/#priceListD,מבנה 14,2026-07-29,B14-A92
93,14,20,229,4-K,6,188.18,85.12,לא,7.18,2,מערב/צפון/מזרח,,,https://shoval-haifa.webzsites.site/wp-content/themes/shoval-haifa/data/14/%D7%A7%D7%95%D7%9E%D7%95%D7%AA/20.pdf,https://shoval-haifa.webzsites.site/#priceListD,מבנה 14,2026-07-29,B14-A93
94,14,20,229,4-L,5,170.66,67.14,לא,9.77,2,מערב/צפון/דרום/מזרח,,,https://shoval-haifa.webzsites.site/wp-content/themes/shoval-haifa/data/14/%D7%A7%D7%95%D7%9E%D7%95%D7%AA/20.pdf,https://shoval-haifa.webzsites.site/#priceListD,מבנה 14,2026-07-29,B14-A94
95,14,21,229,4-M,6,208.71,176.26,לא,9.84,2,מערב/צפון/דרום/מזרח,,,https://shoval-haifa.webzsites.site/wp-content/themes/shoval-haifa/data/14/%D7%A7%D7%95%D7%9E%D7%95%D7%AA/21.pdf,https://shoval-haifa.webzsites.site/#priceListD,מבנה 14,2026-07-29,B14-A95
